-- phpMyAdmin SQL Dump
-- version 4.6.6
-- https://www.phpmyadmin.net/
--
-- Host: localhost:3306
-- Generation Time: Nov 06, 2017 at 04:39 AM
-- Server version: 10.1.24-MariaDB
-- PHP Version: 7.0.8

SET SQL_MODE = "NO_AUTO_VALUE_ON_ZERO";
SET time_zone = "+00:00";


/*!40101 SET @OLD_CHARACTER_SET_CLIENT=@@CHARACTER_SET_CLIENT */;
/*!40101 SET @OLD_CHARACTER_SET_RESULTS=@@CHARACTER_SET_RESULTS */;
/*!40101 SET @OLD_COLLATION_CONNECTION=@@COLLATION_CONNECTION */;
/*!40101 SET NAMES utf8mb4 */;

--
-- Database: `id3232821_bms`
--

-- --------------------------------------------------------

--
-- Table structure for table `movie`
--

CREATE TABLE `movie` (
  `mid` int(11) NOT NULL,
  `mname` varchar(50) COLLATE utf8_unicode_ci NOT NULL,
  `mpic` longblob NOT NULL
) ENGINE=InnoDB DEFAULT CHARSET=utf8 COLLATE=utf8_unicode_ci;

--
-- Dumping data for table `movie`
--

INSERT INTO `movie` (`mid`, `mname`, `mpic`) VALUES
(1, 'Golmal Again', 0xffd8ffe000104a46494600010100000100010000ffdb0084000906071312121513131316161517171718171617181d1817171d1d1817181d191a181a1d2820181a251d181e21312125292d2e2e2e181f3338332d37282d2e2b010a0a0a0e0d0e1b10101b2d251f252d2f2d2d2d2d2d2d2f2d2f2d2d2d2d2d2d2d2f2f2d2d2d2d2d2d2d2d2d2d2d2d2d2d2d2d2d2d2d2d2d2d2d2d2d2d2d2d2d2dffc000110800c2010303012200021101031101ffc4001c0000020203010100000000000000000000050603040002070108ffc4004910000201020402070406080404050500000102030011041221310541061322516171913281a1b10714234252d162728292a2c1e1f01533435316b2d2d3445493c2f11773a3c3e3ffc4001a010003010101010000000000000000000001020300040506ffc40032110002010204020708030101000000000000010203110412213141510513146191a1d12232527181b1c1f01542e12353ffda000c03010002110311003f00c7e3530f6639fc7b4df0d2a4ff001d988b08e71e6cdfc929856472345fefded5e0948dfe63f3af8978d7f0f9b3dfbf78bd271bc46968b1075d7523ff006d63f14c41d3ab9fd48f88d698127e43f95799c5ec7fbf4159639fc0bc59b4e7f6f402af13c45bfca96fdfad48bc567ff625fde3fca8da4a2f6b7ccd4f1b1bdad6f1b1fcab2c63f8179fa9aebbfcbd05d3c7311ff9793d4fe75a4dc6b100690c87c35d3e54784856f6e4798f769516563a9b77ec7f3a1da97c2bcfd45ccbf6de80397a478a3ff8797ddffcd467a4388d0f5188f716b7a16a64ea14f3b7ecff005a80a104d8f3f0a658b5f02f17ea14afc6c006e906277ea71007893ff556a3a4339ff4663ef3ff00728eb03df7f4fcab060cf327e1f956ed915fd578bf51b2f37f6f4175b8f4fa5a19c5ff005bfee579fe3f88ff006711e5aff39298cc26fcf9dbfbb57a50779fdea3db97c2bc5fa8725f88b2dd25c403ac188f2d0fca4ada2e934c75387c47b811f292d47e58af6b35b5fc5f957aaa07df371dc5adf0a758e8dbdc5e2c0e9f397dbd012bd279ce830b88f1dcfce4a93fe269bff2b3fc7fee516ba7e96bcee6a30fdc5bcb5a578d5f02f31552bf105bf4a661b6167bf886ff00b95a49d2f9763839c1ee05c7c3ada2d20cda1d3c72ff005a8dd1ae3373f61ad603c0d3c718be05e667475dd8297a59883b60f100f32188f81735a374931445c4338f7dcfc1a8dac2c771af3d2fe95e8c29b68ede8a3e6283c5c5bf7178b19d28afecc593d20c57fb339f51ff00ecadbfc6f15fec623f7bff00e94c2f8624e8ee3bf45bfcab48f06413da73e9f96f4fdad2feabc588a11f89800f18c59ff4311ef73ff76b178a624ffa528fd691bf949479b0e7bdfe1f9544c86fbb69fdf750edbc92f17ea5a34a2f76c0b2719c51fb8ffbec7e39ebd1c5313afd9c80799fe6f4659c5ac6ff001af72696b9f5d3d2d6a3db5fc3f7f50ba315c40cbc5e71bab0f1bb7fd56af0f16c41f641f73107e2c289be17303bfad566c003f8bf7cd5238ce684747932b2e3319fecca6fdd21ff00aea36c5637fda9bff50dff00e7a9a4c08161daf7b9fceb53821df6efbb134eb15f2f07ea23a4d7f628ff008962bfdb9bff0050ff00d75e56cf818afed0f8d655bb42fd4fd49e57ccea5170f51f74fa9ad9f02835b0fefdf5c8e4938fedd748dfaad1dfd6d7a5be36dc401b62a4c40e5db66cbe5a686a70e8d8cb4538fd35393ac7c8ecbc4f8c60b0f7eb678e33dd9eedee55b9a56c6fd24e053d849a63de0641eac6ff000ae4c90f31afbaf521890ee08f11f91aec874561e3efddf9092ab5380e98dfa5694ff93868d3c646690fc0a8a173fd23f116f66444fd5893e6c09a586888d85c77dabdea0f3aec860f0d0f760bee4dca6f76c3a7a79c4af738a6fdd4b7a65a9b0df48bc4137951fc1a24ff00da01a5d318af0a01bfca9dd0a32de0bc11bdae63ff000ffa557d06230c8c39b444a9fdd6241f514dfc2fa69c3b1160241139fbb28c9bf2cdaa9f5ae33170e91bd98dcfec9fcaa53c166ff69edfaa4d7156e8dc24f6595f73fc148569c789f42af0e561993290798bb03e86d5226040dc0f435f3bc0f88c39ba3cd0fea978fe56bd125e987101a7d726b79ebeb6ae19742abfb322cb132e277b18251f745a82f18e92e070ff00e64f183f857b6ffbab7b7beb87f11e2f8a9bdbc4ccf7dd5a46b7a5ed42c61cd569f42d3fef2f015e26a704747e33f4a2355c2c1e1d64bdde08bfccfba94315d30c739bfd65d7c10841e8b6a1220a9f09c36494da38ddcedd952de5b0af4e8e130d457b315f37afdc84e7525ef30861fa67c4136c5487c1ace3d181a60c0fd28ce349e08e41cca5e36f3e6a7d05035e85e3ced8498db7ec6be942f19c3a584e596378cf73a32fcc56a987c355d2514fefe408b9c766758e15d3be1f2d83b3c44f2901b7ef2dc7ada9a3051c12ae68a44901fc0f981f435f3c64efad92ea732dc1ef5241f515c153a1a8bf71b5e6744713538d99f45270fd81dbb85edeee75e9c169ec7bee79f7d7078f8fe280b7d6b13e426900ff009aa9e2f8962241f693cae3b9e4761f13505d0adbd67e5fe9bb5c9703b3718e3f82c39225963040f653ed1efe4b7b7bc8a4ce25f490a09187c383dcf29f8e45b7c5a9230fc3657f62276fd54247adaae7fc358bb5feaf2feed7652e8dc2d2f7dddf7bfc13957a8f6d0b38ae9b635ce92e41dd1a2a01ef02ff001aa1ff0010e2ef7faccd7fd76f95ed5e4fc0f109ed4128fd86f98154de3ca6cc083dc458fa577c69d2b7b315e088b73e2c269d2ac68ffc4c87cc86f98abf87e9ee357778dc7e9c49f3500d2ee4af0a567428cb782f0414e6b66c76c1fd231ff530ca7bcc6ec9fc2d9be747305d34c13daef2447b9d2e3f796f5cb952d5217ee5b789d6b92a746e1e7b2b7c9968e22ac789da70f8b825b64c446fe4eb7f43ad596c0a1d49cde5635c1e45d6e689e0384631c5e28a6b722332afb98d8571cfa1d2d554b7cd7fa8aac6cb8c4ec67063f09f51f956572e1d0ee22dae46d7be417ff9ab2a3fc753ff00d97efd47ed8fe11dba47c49c37531ded9733d8d9ac74ca3c6c6fe94ab8ae1b23a8bf58a1331084df328b1b8d75209f7de8ae3380498cc7498746ead7572e75b683d45ced46dfe8ae4b2df18400badae75ef173a0e75df858d3a74a36ded73924a52621e130c914a1e542f09243ac6da807ef2f88d0d8e94df8ae886124844f0cb26562326c6fe04581b8eead3887d1c470825311216b1b1b0ca4efa8dedf9d79d136270a6337fb3958ebe3974f9d6af3bda5096c0967a6b505bf45bba5fe1feb5e7fc2c07b5213e43fad329af675b58f2ffe2a0ebcf992eb660587a3502e5ceace45f42d6d7c96d4cfc0a0c3a1465895482c09cba9ba35b51726a95fb43dff00235acb8831c6cca6c46de8695ce52d1b15c9b7a83f8af161d6109db71beba2f99fe5540716992f74523c01d3e342f07c3b1188665c3a924eacfb01e6d57a2e80f11520850c77233586fde6bb552a71d1b43aa726b4416c0719596f195b1b6db83ccd19e1bd138312ad78f5040ba9ca45c1e5b5203a6230f2da742ac351dc6dbd8f315d57a218902e75b30076f7ebeb5c98a8f54af061a7752b01f19f45a6c4a3b81bdd9430f5047caa945f463283f692a85f04627e36aeb984c6811920fdee7e5b579c4712ada13ae86d50ed3351d1ea746695c49e1df46d85897ac955e560092ac6ca6c09b00b6bfbc9a4de37d2f2d1c712a2c51820aa4432027520dc1e57b7baf5d278af119628a4287b4a2ea49f67cbfbeea17d0fe8fe1970f199225795973bb3f6bb4c2e77d86b55a135259a7a9ad26c4fe1bc7b10253344e0c8d6cc100eac69602ec7953c702e96c788957098a88677165b912231b5f29d06562069a569c43816055589863453b1be504dfce927ea70c18cc3cd8670cbd6a7b2d9d4306074373cae2a8e14e7c2c69c5a571c38e7d1c6166666484c7a7fa6728079f64e9e829665fa2ffc12377eaa3e7702ba64dc4d496018efdd54febab90a926f71cbccd79fdaaac76930a473983e8d092433b9b6f60147a92451ac1741123b65c3867fc4cc1ce9e04d87b8534c58b50773aee2d6f1add71c83bfd3ce84b155a5a36365147a4139c1c599d6c4921174d6c2fb0d80efa43c5718c4c8dfe730bfb214e55f75b53efa63e9fca66c7470a126e8a174e6c7b46dbf2f853660be8df099067795891a90d6bfc34af4b0b08460a525ab23672bdb639b70ae96cf14804d23325c060e05c0daeac00bdb7b73b576b230f898031114a8d1dc6601af71a581ae71c7be8d82062b369624065f866075a2bf44188be0678c8b7552b81dfda504fc41f5a6af0865cf0d1a2728c935737c6f42307216fb10a7f4095f8036f850effe98615d4113c88c49b82558697f007e34e311376f3b1abb845b04fd66fe75c54f11517f66565a239be3be89b258ae2c1079755aff00cf5361be8d30ebabbc92b6d6042afc05fe35d178dcc32af9ff002a09c4f169144d2b6c390dc9e554962aab764c11daeca9c17a398680b111448546a4eadfbcdae953cd8a89ac3ac42da7641d75b01f106b9e71be2734a4137219b6736cabb5fe02dbef419e791588f60dd4ad85ed639b53dfddcc5eadd86535794b507596e076151a6d595cd97a4d20001b93de5dae7c746acae6fe3aa7346eb90f980e1cf1e27133dc2e78a231b36aa2c5d5c951a923283e37145781f1d595da3692376517baa3a5c017d55891e86aaf07e291bcc10901ecca50ef6054a9eeb1b9f4abf2f11c2478860c51085b137ed936bdb2ef979789d8695d54af9526b917d054c6f13ebdd5f3e202393d508d408f436bb9b5d89ee27dd55e08729988d0348091e68a4dbf6ae7df44ba37c6e1904d0a2646059a20ea558adf5cb71cbc3952dbf1bfb73184620939985b4b000017e7a127dd4d38b6ac2d54b297e43a5798b2485aba387348b78fb47f0dacde8743ee355314854a86041bec458d721c795adcd25d0d43c505a171cef53cdbd15c2e103bda45ba3e75b1fbd753b73e54d17aa3463769063a1a91c186841644778d588620331201bd8efbd19c56355227791d2303ef31007ad01c274762c6e0a0eb093963417dbd90353dfb6d56f8cf0c51361516e14c653b3a7b3adfc0eb7ae8cbc4ef87239f7d2062239201246eb27dadb329cd6254f3f753274725c96523ee0f5d2a8f4ab86aacb061d9cb86941666dcd8330b9035b682f577864458ab0f64ea08db6e7dd51c4bf6147e646a2f6f3079a6f01e758af636155faa236acfacaaeac76e5cebce516d8f745ac66104ead0936ce32df9ebdde343a2e161a28d8c2acec91dd8df368156da1165035b0defb553e27c78e9d52ea0827913620eff000a37c0fa450fd5bad6390291ed6b61a6a6dbdbf957a1429ca0b53277d8a5c4b0bf691c042aa988b016bd88dd75bfe8ff006282e2b03f690332aafdb283616bd83004db9eb6bf8579d20e9947d640eaa4e42c5a4d6dae996d61b8a13d3ce905a74ea882b64651b0248b8f76b578d393d0a4e71cad8ecb28d4803caa26c4934a1c131a63455b93a0b006e3dd7a638a60c6db11bdebcea9869419355132c892b71293c85791c1736a9ca2a2dcea7bcec3fad2c29393b20ca6914f867091fe21f583627eac428ee39f25fd2e288709c1630620179488adaa07661efcd7d6fdd6db95274dc79f0d344e40c99e65620f69b364247bb2dc799a6de2bd2c8a386164cef24833c61003d905733366ec8dedaf7d7ab083492ee162d35728713faec9d63090b59da3eac150a0024022e84dfbee6bce018430be28a8de44bdb60446b7db6d4d52c3f4ad50630bdc323ac9cb2b2b1b0c996f7d74de95f80f1791a77c5ea16462b606da0b0b1e5b56a94a528b419c923a6c5a837f3abd838558292013dafe74260c4091730d0f75fe557387662bb9beb6af2d27176623d51b71f872aa851617e5499f4872158140b6ac6f7f2d29e278732da46d8dc7bf41487d39c3f5c2687768962915b6b8bfda69e0ae0fec9ae9c3c1ba8a5c016d328b5d1ce814f8f5eb7eb0234b9019892c6de0395f6d68d41f456eaadd6e34e84e5c8a6dde09b9defca9ba5c4360a30987c3864555b6a006e46e6e0dcefa035b712e3788ea62c98701e6cd7bea23b77ea37b8af43af93d9945462b7473993a13283613a1036390d6533aae30ef093e3d9fc87cabcadd6c8a7510e46e15949913fcd478eea34b82d94dbbef71b9e545f82cb19334c9696462dd643210b94e636f6b5072d979eda551c6618825d37b10c77d3bfcd5806f71a9e44c362d048caa2400ab6a51d5868c85948360479547365b3163ae80ae393a61e5eb59504eca4470456ecdc1173d9000b1d4da97ba25872598c8a1b3124f23bdb46e5b1abe7051465dc5ae6caa0316b9e40b36b6e669c3a2bc0faa8c16dc91af9fff0034ce57564092b3410e1b80554cc0b7ea937f8d07e9362c01db5240e7b91a5f7a679ae0d92d9fbf70be36e6ddc295fa552468b2229cf29525c937ead40cc6e7f13580b0a93a4993d1e869c16153dab5db913b01cadf9d7b8deb4b668dad221cc8743b6ea6fa5ec4117efabdc1b0e16312136014fc2c7f91add8ab4af6eca3a8b77836b83f16f4a58412d465051d101ba3bc75962305ef203dda8b3dcf647b47985a143a47d6bacb0cb8991e2567292c595728219b50c4023969e1dd5bc50b9c43c90ff9f1fda327fbab99a2703f48140c3f5cf8557e3bd22c4baf510c6c99972b5e131e9b1058f66de200debb23141ccc0fc578ec988c5831121aef6360d60dd93bdc5edce9eb8170f648c59ac3402933a2fc372484ee45c93de05c5c785efe82ba2f0939954107517d4723a03af7806dfac2a3592768ad8d1bd9b60ac4f1deab75cc49b023407fa585ef5bc5034edb00588198ec2f700100fe2b0f7d55e91f61d5f721d4fc40f91a258323b240b6b7f2b6fe5b52d1a51dd13a9a312e513ce98806d9e17b2a01955882a72903bc06d4f70abfc1e3419e12ac70e26562a4f682139941b7dd0d71fb23be981c6679073b1f4b687d3e74ab88c4340239d5730175914699909b30fd61a37baba5c6eac8583b3d42fc6664be531c3913ef1c434a586ba08c8bfaded4878c3d64883717caa45ef9556c0fcb5abbc7b0b133a980312f7390037f2b72f2a9f83f0f638a6cc2dd50c9946b63a1607cb407c4d685b71ea5f62f60d64693ec5542f5888a8d7762585edaf700093ded6e54d8b8160ed01c99b22b17527282491617e7d96f0d2b6c340510002e3f3f1b56cf2f565f401890a06ba9205b4e56d7d2838a7b92026271ad0cc8b9c98f36571a9f7fbb7a368c5b4041ef171ee6f2e5f1a59e331946406c3b4baf3bdffbf5a3d841b30dc5bfbf7edeea108246600e311afd670eac0326cc06df68721d79916deadc78e8f0313c18839192fd44997387049246b60350015a87a4ac2494db65016fcee2ec7ced447133892368dfdbb0d40cc1ae2e187832eb7f1a151d9ae45a82ba696e26f17e22b8a50aa7376434ce17228ca0648d403ec8b514e8d70c0b184170a6cfa036bede847caa7c3f08051b711adb3122d9cdee117e67c175dc530616011c65869d91b6fcbe1f953dee84aaad2ef2ab40cb1b3afdd20fbb9d4d81e36eb8a7c2a104a8ce6fbdb6361e1fce8b30460430ecdb537b799bfc6b8ff1de244e33af8895912c4373d345bfec017fd622875119ee4f358ecd039722e7426c7f97c7e7427a670e53d62adcb23c44dc0d1d181f7806feeab9c27888c4c0278c5811aadb50c0ea3c830f78adb1f32cd32281a6459397b4e08f5007f1522828ab145bdc11c37a5a530519b67919963ecd8b0d2e585f4b85077a938e74cd1608b2c3885995ef664d865df39191c1ee17bd2ac719c371060977311eb0437b174752094fd2525b4ee357389f4a70fb06c439046588ac6a4117f68f560db96f4fd5a5c0ae7babb761fb86f1649e28e6f673a862083706da8f5acae0f3f48f1399b2c8cab7242a93945cdc816e57acaa767ef13b4771dc706032ab8bea01df43702f41b89f0252cceaa4936f65cadfbb30b107cf7ab3d1ec72bc0b6bff0067f2abc66b38b9ecb5d4f8771fefbea1974327606f46f8083216702d1d80036b9dfccf8d34f10942055077741a0248d6fa01e02abe11d62508b6d493e3cbf2a870988126202fe1567d396997e6d5adc00df335c7cb25ac8444ac6eccce03b7ed6b97e76eea5ae231aac2e8ae8ccc00609eca2e617b9bdd998db526e75a6ac741b92148f200f96da9a098f20a756140bc911d0720c1b96fb52b0a0960b3261c87174b1bb0dc0b731f952fe0b107accb9813e06f6b76c0f52e3ca9b27ecc27cab9ef0ec5949cad87b61893a12b6ca0016fd2d7f56952ba2af72c48c51d3101b29cd2f6b905258d8f78d1cf98a25c4d6430667604b481500fbccdb5cf350016f7555c79511e46d54b1527baed9958f806f99a1f86c3491a2acae32c424589336662c50f6d8d80200ec8f334747a86f6d033868555e623d945ea81efb2a93f1345fa2b3bc91991aecc4b2836d2c188bfbad603fad957058f72b33b32e4762500162b7241b9e77a70e8ecb9e1854109188d32ae999ce5b9637d86fe3bd1b08c5ee9602731f0bf869aefcf6ab781c5136722e185f9dc023bfc6aaf4965219d41043684901985b906372a3cad50747251d420bea145f977770df4b53532730867cb8a4d82bc6da0d2e4777f5eea1d261d1b0e79e525883f781f681efd2f54f198fcb229bea922b05be963a30b73b56985e2614bc646f7b01ebb0f2aa8855e1f8dc5e124644c3f586c44533021554eaae5ed62146f737d2adf45f0aaa1f2b660aa7b47ef126ed27ed31e7c80ab133030c59d0a865bae6042b0e4ca2c6fa541c2f1412197bb291a69604dfd2b5eeb40b6f88d70ce2e2daa2a8373b78ea0d0fe1989ebe7693ee21394db424fb46fcfb8780f1a5e4e26461000c034af92fb580fe9f2a60e0e9962b0bd80f206d6efd79d0485b813a472679574d4328b122e6c6e74ab189c6c9146597751a5f6efb1befefa1dc464071235d85fbf95bd688717c4830b025fd93f88816db537b1b7ce990099949804bccbabb5cfe2d3e7cbc2b48e631954756205fa9914e56cb7b98db4398037f1a8785630344aa0dc1896dcf502e05f9fbeafd94e8c7b370c2dbae82e35df7a0d5f70a934ee89717333a10400a3b28bfa4d6507ced52717c4aa46573017caaa3996dec3c6d7f4aa3f5c12c8baf654e9e27fb34abd2ee25d7cf1c41bd824939ac35d37b695a2b801be2c74c7715ec9863ed3e5024617b203f76e2d76cbe56bd730c61cf248c79b11dd603b2341e5e3efae83c3c6484051a0b9d2c5598f3f1b6fe34b51743b1932f59108dd58b11f68037b46e086b6b714c9a46b37b1b7d1ff0014ea276899885947675d0381bfbd74f753d42c126237c80b2ebba16d7cf2b120feb0eeae7188e8971284893eacdd92082ac8da8d760d7a69c262cba249621aeea54dc1178c12a479e6142767aa1e37d9837e95b0c57eaf8a5bab16742468dc994f86cdeb4a7074834cd2af5a57d904d81fd6b6a47873a73fa43c42cbc3d48d72ca84791561fceb97c4b9885ef207a9b55e9a528ab93949c65a1d5b8074581c3c6ccbda65cc74e6c4b7f3aca6718bca028d94003dda56572b93b9551429f075c4606d1626268f37b24eaad6b6c46869861c5060c0ec683e331c2450d265669660a6db052aec4adf6b72b6d6a9709c22606cb2c792da33121b6e6003af2a0df10ca36760d62b179429e7b5efdd52740f161e7c51cc2e16216e7ed3936f0daa2c3f09475b4f316ca6e1621977d3576bdd7c2c2882bc5021481022b768b0b966ef2589b923b8e942e902cd84b890df283e761e82d49b89c60eb150907b44dbc07f5356f11c5dd6e330d41b8e46c6de8694707c444b889186ca02d8f8dcff007e5412ba1d3b31e31fc4e31115b9bf30035fe36ae753620fd653abb966ecaa839998dc597ccdf6a7c1c066930f9ad1eab758db983a8bf2075da83f08fa399b1132be247d5e2424945605dadb656527283ccefdd46965d6ec352f6d0abc4e2c647116930d28504eeb73ef51a81e2450d9b1378b3dc9ca185fbec34bf8db4f757609b17d428b9bd885ec05240be970d66b5ad7d49ae73d29e0dd64ae9866ccec7ed01368f61b31e66fb52c649bb065195ae2facf781630756caa3dec072d7d2ba061b8994392ca00161752058682c292303d177051a6951515b558c967246b6b90029d37d6995beaa2f6849bee4bb03f020534edc034e127ba04f4a71da96d341baedeb55787e3f2c6a0b20b01636d7977bd09e94e2963b846363b03adbbc1ef1e746ba0b3c02f2483332d825f5d4dfb5ad35b2c33589359a79401c7a7d6e2e0f7e51ddcae49a74e897096b363a5916312c7f624eae337b4c07795240e7a9a938d757358380d99a350069edb841efe7eea60c3629570eb1c72451f560c68aca4e400dad6dd8d80d0523ad786c5151b488e686092445920926522c0b2bc6134d02a8b28f3b776b5ce78cbb45f588d15880c4037cc45af604f3d3e54ed2f1069bab2d8a77cb6eca2ac51e61cccae3b2bb697bf9d2be2b111bbe2996f7b96ed3091c10eb97b76d6ee4edc8f3ad4b7d4d552681bc249ec31072a2594f22cda922fe94f11622f169dae67d9d2f6f1feed41b0b89042e660411da5be94125e224064b822f61fd3fa55632ccf62338654b5274959710c79b0005b4b58b6f6ab5c4b8af62c4b1b8f137be96d7e7ad2f70f914c87981a1d6fdfa53ef0958a3851c805e5cc6e75caa18a051ddec927bee3ba9e4d455d8b0839cac8e6fc3b8eb20c96b804db5d46fb8fca9efa371b63acf22c91c31add9c237daf2caac0581ef37d2b3a4380c3f56d218a36958850cca0efe7a5ec39d1ae8f4d18890669f22de35087ecaea7d9ca9ec8f3dce6a49544e3748aaa36959b25e3a989387ea709f575ecfd9a9ca5b2f3b31d9bc4faf3ae63d1ec0bac92b4cadd629b153707bef700f86a2ba5714c53b2f6f090943b3bcaab90fb8161fd293f89f10bca7292a1485bac85c1ca32dc373524694294de5b0d569a6cb2389d94817d01d33036f79fe7463a0b8cbc6c2f60aef7eed58bfa76a937a41880638a4d048c1f378e52006f3e57e794555e8df1a65574d866cde60d81f9534e9b9434128bc952cce87c738fdc154cc46bda0a72fada93381713ff003549d7ac245cfba9cb86622295416361dc2ae63ba3f85956e4024ec5746f51a8ae58d48c3468eda945c968ce6bc5e72707221e4c2de59c1b7c694f87c6cd22050598b2d80d49d7953af4b301142ef1c799a25391b335f33aa891b516b001946f7b934e7d0ae1f160f0c4af56b248492efb0b0b84bef945ec3bebb9555085f99c0a9394adc8351707c39033625cb5bb5900cb7e6069b5f4acad463b12fda58f0cca763d7117f76536f5acae7eb19d1d5239a43c413accced703451b6e7b4d6f77c0518ff8963555ca75ccc7cc11afbafa0f2a092605413a6c6df1a2385e1c9ddcc52ca71dc454e57dcba9d2716b6df1f1d74aaf3f4a85b7bdb36c09df7f8511ff000f522c1687cfc2c0fba77eea9c2a27c02e9be608c7748cb2dd50e6d6d7d00beb7f1b1d697785b490b961a860430eff00eb4dedc3c5ff00a563615029fcaadd7e5564b71551bbbdc68e1dd3584b4659f2d88cc0dc0e7e14766e96c66e63757537ed5c585b9123ce92309c3d485361adb955f9383c6df741feff00a571b50be973ad5f8d827fe3ad2b39554761ece58b3325ed639c9b000eb6e7e14bfc5fa436c4092560728d05872b6c8a4d989045c9dabc6e0a809396a962300a8c3b22d6ab41c50924c85fa4644b235b346d62800d41ca092773bdf7a8a6e292cb7ca847c2af4383cf2108a5b95941276ee028dc7c0f10a0de0716cb7b8b1ed1ca0d8eb6be97a69cdef1892516959c8e6f8de1734ae491eeadb070cd01d3d2ba760f84319e586c99a304b92dd916201d6d73626da0a8311d1cb275acca5498f45b9215c390d72391422ddf5a188ab2d1c7427d5453df5124f139988256c4105483b58822fa6ba806a55e258e2f9924c8f7b970066bf7dfbfc69ef8bf44a382295bad5778de3b2ae9d866b66604686e469e06aae1f00b6ce39927e346759c346915852cf7b3673c9787e2a43da91cebde6c3c86c3dd52c5162110a76481de373aea7f1117d2fb5740482d974dff003a118d8fb528b6d7b52c71737a68096192d45411cc0686d50fd55cfdea7cc7f04ea5410caf6631c996ff0067201731b5f9f8ec6c7ba827d5c6bf9557ad92767a08e8a0061785c8b72a77df9d1ae1a316c1204b312df677dc66dc5f6cbcfc35356508b017f851ce1ca23824c40dd2270a7f4e43d4afa672dfb348aace4ecf6291a29bb47700f135c5c4424a1245215d4839a37522e19597da5f2eeab7c038fcd16756ba062a6ea3381a9cca549f6581e5a83efa25c2274923184948006b0487fd363f709ff6dbe06c7bea7c2f0e2b995d6cc18820f2a139d96da1d589c1d4c355c937f27cd15fa47298f1322470e19555ae8ed1999c860195af292a090792d52e96a349161e716eb1e2018850b731bb46da2d80b8ca74b511e9447ac127e38541f38c98cfc00f5aab2366c17ff6b116fd9953fea8eab9deb6fa1df8ac151fe3e15e0b5d2efc9f989389e1d24bab93dc06c00e4001caa387853c66ebbd31cf6194ebad6b0ae6bef48ebccf0faa40cc3bcebec81f1a2986e29884fbba8e798fe557b0781f035626c081492a97dd168424b662af119e59032b20ff0035e406fa82ea1586da8ec8a2bc0b8cbc69db5ed022d750d7162a746040d2abe3e0ca5b7f68fc8512c0f0f0e80f8ff2aa3a978ea4e316a5a1b0c6618ea553df87527de41159520e1dfa22b2a79a256d225e251af6ed6d4f7f88a9300c41e554a072ec7ccef56e1702a324ec35d3618ebb4d872af30d30662be04d52965056a6e118076126217544b2b0e7aea481cc0b0bf75e96106f603696e49242b7a1322ddf2aa9626fa0d7c7615d09b0b86187499a35cbd5c521cacc643f68164baded92d7daab4fc6e285fac9658240275683a900b4711255f365008190db29b9b8ae8543e264baee4803c3b04ed10658ce5ca5b31200ca18296b93b0245eb6e2509c33459e488996cc32316014e99c9b58af913b55993a5b8654ead216b2fd6102a6621a375f6bb44b03980274b0a53e2fc42474c3c6d1e530c6ca18923329248b83b5af43aa82e25a9c2bd57ec45fd11d224e8f25dc0627ecd8a4859446ccb6beaa4d858df5b1af470c87b79162cdd54122c8544ab66ce8f94bba8f6941b93b1a429fa5d8870a99c06b90122500b5d6c480aab7246941b8748f34a892b1556758ec752b76b13949b2dae74f3aac3227eca056c3d5a6ad55d9f2e3e035711e91c870889d7659a2c4488cb1b05bae5195bb1a100822fe3ceaf4fd22cb8d1898b31042758a74cdd901d7cae37f7d2e40d8749961386665eb423b4b358db365621235163e6d5e4a4a3b236eacca7c6c48fe54b372b5cd2c3ca9dbac8b57dbbc9f0588c4fd6247c306323a4a2d7d42b6e435c588d2c7bed5a61f8be2d3b06591328cac3456b0666b369726eedbebad670a60d2ba7fb90ce9ff00e2661f1515be1b89acaa1313736002ce05e441dce3fd54fe21c89dab453cbb96a3819d68ca74d5f2daeb8fd00fc42766372c49ef26e74db7a33c371bd540656ed65b2a21d9e56f656dcc01da3e03c6a863f854ab2a2050fd6b0113a1ba49736ecb7cc1b11cc0ad788ceaee1636bc5102b191b3b1f6e5fda3a0fd15141438cb80f81c3bc45654d6dc7b97ee81dc5ce59e390dad2471c9a00006b6570072edab1b78d0de188af8accfec2b195ff56306437f30b6f7d49d6df08a79c52327ecb8eb17f895bd6a870f92d86c43f390c7029fd66eb1ff00823b7ed50c9ff4bf016b61dc6bbc3af8acbe4f6f225e15c4ca3334833a4d733a7e2ccc5891dce18920f7d6fc4f86088e8c5e3619a3906cea763e046c47220d6d81e10d34324aa7b48d609cdc0199f2f8a820dbb89ace11c450a9c34ed689cdd1cffa2e7ef7ea36c7d7953ddbdcf67a4b074aac5ce8fbd0d1ae692fba5e3b00d56cfa0346f15215c24319bde595e43fab18c8bfc7237eed0cc6c2d0ced1ba90c34b7f31de2adf48b1004e631b428908f35199ff008ddbd2b2d11e5745d253c4c6fb2d7c36f3369b87bac29391f66e5941ee20db5eebeb6efb1a3bc23880c42846379d16ca79cc807b3e3228dbbc69ca9725e92ccd10c3a08c26408404ccee012c3524d8dc93702854f2cb0b2965789bda52c0a1d0fb42e3beb65be87b98a92c453942b5934de57ddc3d18e7c7ec70b1b0ff004e565fd991411eecc87d68470b991a3c442f2246248c15673650f1babadcd8f2cc3df4530939e2183c418d7ed72ab488362eac0874e56619ae391bf234b0bc1651fe6490c7e0f2a93fba999be142175a1c346bc3b24b0f51db57ebf72ccff520066c4b3917d21899bf8a4c82aee070f87312c90896cd2b23f5a54b5c2ab29194580209d35da86a709840ccd34920e7d4c2728fdb90adbd28c9e132c3876c9879122ce9233cb2296d2ea2c8a05af9a96a54a71d1b4afde799523462bd8936fe44da26d55462f35fc0d1de21c0dd70ef397521533e55b9b8b5f7b776b5baf46a218379d1999cc4645bdad7cb9ad603dd5e73c6d14af7e36fa892bf011f8935d59adddfc857bc278985196c77efaf71f97a9bfe223f3a0f1462e0df98af42c9ad4836d33a1aa2d655013f81f5aca958e8b94b04458e97a9f3adf6a0b1b903735b19c9e74cd13b87e3753a54c9c4e58972c6ec8b7b900d81b8b1bdb7d06c7c696a3c410689c138589a6ca1983048836abd6119b311cd51466b1dce515a1177d185473b514aedec5bc44215419a58e216ec890b1623f46350ce478e5b5571046e088f111335b4565922bf806954293e17a8b03c3c3e696572016b3484679246b5c8172361b924002d57a0e1d03dda2792509ed4210f58fdcaa5330209d09d2c35aba8a3d09e130d46f0ab56d35c12baf95ffd02a413bb654b4642b5c3928586e41ee06c3cf4ad387f0d599c4633e266dcc509cb120bfdf934bfaf7ef4678b70fc434524f2868c978d2da0ec906eb6bdd000140161a114d5f46f858d2076503333d8db7014680fa93efae4c6d7ecf49d44be5feff9e271c61889619c94da85ed65bb76f25f9017fc298fc3a759061b0e34d918993d586be57a0fc1709d6b3a4cc44f23131b8240592fa2303a1563a5c8b836f1aecad3902dcbe02b93f4ab171b635cc3b829723f1f7f9db2d71746e39d6a8d65e1abfc7a0fd1984a552728545ab4ecefb3fdf42af1a88accfa924e57cc74273a87b9b73bb7c2acf1b71d733f29024834fc68ac7e24d6fd319019838e61d0f9c723affca56a8e21e29121769e38f2c663656cccfd9762a42a29b8ca7c36af5deba23d1c6ffd70746a2d5ad1f85bee8f782ce171901e5d6a29d3931ca7e0c6ab2467308f9df26bdf7cbf3a97010e19e4b472cad22abc887aa0885a35325aecc58fb3f84557e91e23abc54d6e52bb0f7b161f3146d6563743d474aa4d495ae93fb97b112e230bd6e1c978b3021d0f88b665bec48b8ccbc8ef5e617878387797358a8ba27e25565576f25cc3df7ee36b9c7f885a574954c903b3ba6b678f359c18d8eded7b27435470fc4e369d05f2c4c861b1d923652a2e799b9ce4f7d06cdfcc24b346094db599f348d785cf9d678b9bc45947e946438fe1cc3df55f89cc238b0f18e6af3b79c8722ff0460fedd4dc278608268a469d58871d88d19cb5f42b99b2aea0db7e75ef17930a6672d14998654eade4cb9022840b645becbf8a826ae42be2e9bc5aaebf5ad0d304d8e78f2c3d7ac44e6ba5e3437dce7360469df55715c171214304ce2f948899652a6d7018464dae2f6f2a3dc2387c98f3a011c51e55bea555554284504924d803bf3bd33c5c1f0187391e601cee1a7c85bbae818695c75fa46952964d5be495c57d2351c9b514afbf362e705c3b32c7f5d021301531c9210bd62037ea997dab8e46db12390a1987e0e8f20792632b3397648a33db24e7601a42be3caa6e9ae1e18a611c0cccd6bc8ba109cc0cdbdc8d6de5df447e8e30bd64ed2ebf66b61e6d71f2069ea62d2c3baf6d2d7b3f239235a719b70d2e0ac5f1c6d7ab94c6a7ee4402051736175009a63e8d70a7c4c01faf1943b5b3a091d4e80d99ef96fa1d2a874ffa39d51388887618fda28fba4fde1e07e07ce897d17e22f1cd1fe160c3c985be6b5c989c5b960faea2ff0078a2293cda95b03c15f1b031eb9c488ef1b23b128729ee1b776d4b3c6b85498520491151f880ec1f261a5742e8e7d9e2f1b0f22eb2afed8b9f89a9f19d2381677c34e328197b4c3346c1803afe1e635d34deb9218faf1ad28a8e68db35b8d9d9e9e23ba688947d6785d977680d87e928d3f896b302e317c33bcb40cbef0a47f2068cf0fc3451c616100466e405375d7536f0a50e8c7d6a333e1a148b2c72b8cf296b2eb60a1545cdc0079570d3b548cdc74cb25257d37fd436c13e8ace313c3c21df23447d34f830a8fa018aeb307d5b6a63ba30f03fd91eea13d11e11894927c39c4187ab2a58441496cc0952a5c1b2dadcbc2b5e13c1f0f16326c3e225ce142b2e76c818b5c9ce0100b0bede37aeaab4697fd60a5c54d595dfe171e62e612788b648c446fd8765fdd2450deb4d1ee96e1605c4b26148312804d8dd558fb414f31b7a9a11d50efb7babe869494a0a5cf5212bdc2b1e3c103cab281827beb29f220e664e7146bd5c49efa1c24a9049ad33821148b8d8a228de0a5cf8553f8279037edc71953fc0de86958cbad11e03c5161764941686501640bed2d8dd645fd253cb982473a2a08e9c2e2152af0a92d9319669c8c2c7220cdd4c8fd60ded9f232b11dc7295f31e22acf4830b8876999a576841670bd70cbd59375b44adb5881b50b4c3e2633d6618b4a86e04905dae3b9d05d94f7ab0f5a867871f38b3acd901bd9c75310e7722caa4f8ef43547ace305889578384a32d7dae1cc2fd1c9233879a036542e84903d9cc080f61dcc8beebd5183884b8490859511af6376ccae2fb80bab0ee22ab675c2a32e70ef25839fb8006072adfda371ab6c2d40701c48c121745cfb817249d48d45ceda0a574f3c5dd5fb9f1f13831bd2134ea428db2cbbb8e8b41e64e9262a516625539b88dc9f706d01f306849930b13c6f134b232be678d8162db9cc6cb71da02fe17142a7e3f34b7cec402340bcb51cfca86aca54e60d266fc598dc54a8e1953db4ee5f9d0f1e9cf1317994ade9f41ae41f5a86c922068e6637760b9848a0b30e66ce96b004eb51af01551797123ca3427f89f20a5679db3662cc5bf15ec7e16ac125fcfceba1c791e851c6d6a70c898cd163b0b8670f1abc8eb7b17750ba823d945d7427ef563f49d4f68c31f59600be4524d805bddee6fa52c5fbc57b71e15b2939d7a93776c258fe3524d7cc6fadee77db2fa580f4aaf04b73b554b8a96292d41c74d048bd470e8060baec62b1d5620643e7b2fc4dfdd4c5f48bd1bce0e2a35eda8fb403ef28fbde63e5e552fd1770f29866988ed4ada72ecae83d4dcd1ee8de07111445710eb212ccc08b9b062495d77009d3c34af99c5e31c314ea465ee5a36e7cce84ae8abd198c270e4316a4c4ce3c5c863f3d3dd5ce7a2f858f153f5724854b2348d21b12c743a96d35bdf5ae867189c3984720230d2313138048898ea636e616f72a7c48e42e3b1bc13844ac66692217d5ad385527bf2df4a387afd5ba926a569eb19257e7e6bee07dc698ae86e1170b33c3777eadcabe7b8cca09fbb61b8b5aaf741f02d160732806497338e40e964f2dbe343b88f4c709045f57c12abe85405168941dcdfef9d49d37efa1fc47a6efd42c58589a2cb95448c5490174b05b11adbbe8f538cad4f23bd9caf7969a2e6bf083743b704c1cc30c22c59576ca558839830fd2b8de80f00e14d82c7b4605e29a3631b78a90d90f8817f752049d269838733ceeca6e3b642dc7e8fb3f0ad313d249a500c93ccc75d0365034b6996c3636daba21d1759674e4ad3dd25c78590ae713a5f11c4241c4d247655492065624800146bea796e294ba7fc4209a60f04aaff0065662b7b02ad71af3d18eddd49326245c903522c493726a29316c46fe82bb70fd1aa9ce33bb6d2b7eeff00711d5e01ee11d229f0c6f1bd8731ba9f353a1f9f8d114e99cc92cb2c7911a4c85d6d99490b973004defa5f7e7495d79ad739bdef5d93c252936e51576275ac6a938aca6469bae7eb5cf69d49436dada5ac2dcaa8e231235dcb31bb331cc4faef4256635e34a6f4d1a296dfbc8dd6044624dada0efb0dfe35a4b2d53cfa56ac7ce9940ce6cb3595e458595802a8c54ec40d2b28e41731515fcabdcdad54eb2b659bc2aae22e62c9702bc32543d77856bd678565105cb987c73467323153de0d5b97a41886de4bf8d85fd6d7a13d6785667ad9107313be20b6ac6e7c6bc590d570d522bdab653662d47254848aa4d356ab3d2e461cc8b32915e061caa0ebabceb68e566cc58cf599aabf595e992b64366262f5b66355d64adbae35b2b32923a34dd3771845870d1f541515048ce330cb6b902d6b9b77f3a569b8fc858399267653705a4240235b8d4f3a05d75675b5cf4f074e9df2addfeea3ba81cc67481e61f6d24d25f9339cbe1a6df0a1a316dcec7cc5cfad5367acce6ad1a518ab242e765e18c6efb796951990d54321adc494d92c0cc4a1eb712553eb0debdeb6b64366273bef5a313513c951e73df4ca22b9160b9af03f85401cd7b9cd1ca6cc4e09adb31eeaac64358b29ad90d98b99ab33555eb0d79d69a5c86cc3370be2c91c4aa58dc5fee93bb13bdfc6b295f39efaca7d45d0f0d62d656537015ee7b595959463b8c68c75af4ed5e56515b816c7a95bdebdacadc008d4d466b2b2997037332a44af6b284f60ad8f6f5e5eb2b2a68065ebcacacaa7131edebcbd7b59483997ac3595947818f2b66acaca68eff40235acacaca0fde1781a8deb6acacadcc28cad18d6565285982b65af2b299ec21e35795959406465656565618fffd9),
(2, 'Secret Superstar', 0xffd8ffe000104a46494600010100000100010000ffdb008400090607131312151313131515151717171617181717171717171717181718181718151d1d2820181a251d151721312125292b2e2e2e171f3338332d37282d2e2b010a0a0a0e0d0e1b10101b2d251f252d2d2d2d2d2d2d2d2d2d2d2d2d2d2d2d2d2d2d2d2d2d2d2d2d2d2d2d2d2d2d2d2d2d2d2d2d2d2d2d2d2d2d2d2d2d2d2d2d2dffc000110800a8012c03012200021101031101ffc4001b00000105010100000000000000000000000400020305060107ffc400491000020102040306010904060709000000010203001104122131054151061322617181910714233242a1b1c1d1335262f0158292d2e1f11624537273a2b317263443637493b2c2ffc4001a010003010101010000000000000000000000010203040506ffc400241100020202030002020301000000000000000102110321123141225104321381a171ffda000c03010002110311003f00c3cac4687ad46b26b52e2bc401a18d627b87586b5306b8a85aba86c68a00988df434e7d3f3a843574bd140499ebb9ffcea15ab3c26145ae686c281124ab0862565b8a871986e62a0826ca68ae48a8cdc1924e2d4a0a4ea58e956b8282310bb98b314280e676b12e5ad60b6cba2f326851d173cbf2b04614c156f89e0cc53bd891b277624652c2e97675dcdb30fa324697b1e76b90f0bc36575ccabe1b9198b2a2dc58900b117dc7c69c62d194b245ab4084d3435158dc1491a2bba95561753c98791db617f420f3aee2f86cb15fbc8dd32b14371a6617d036c763b6f5544724c1d4d472bd1787e1f2bae654badf2824aa866fdd5b9199bc85cd77fa2662b98a6506f6ccc884d8906c188275046db8a868da328af41a1344035d5e1d28b928da16074e69f5fe1ce9f2619d4292a406b58f2248b817daf6d6dbd545688cb34c629a990d3a5c0488a1d9195492b7234cca4a91e46e08f63d29d8484b90a2d73d59547c5881574636870a6b51ffd1726a3c1a1b1fa58ac0ed6639eca77b03a9b1b6c6cc3817be52841f11b116d12f9b7e995be155c45cd155329a0e553d2b49f346739500b8198dc85000206e4f522a17e1729674084b462ee16cd61a74df71b5528194e68cd3c0e7ec9a1ce1243f64fc2b6bc3e42519825c27d624aa8d6e40f11173a1d0536798c8a8608a46256ed9b281a921726be224abd977397d6dba82f59c739fd18b385907d93513a30dc115a9c1e319f642773a0e40127ee06a4c5611e45b845008b82ce88ba9650333902e4ab586e6c6b7fe28af4e7799fd18ebd70b55b3f059486395142b646cf2c31956bb0cac1dc153e16dedb1a1719c2a58ac24464cc032df660402082343a11f1a5c7c41cc0f3577353d306e54b0562ab6b900d85ef6fc0fc2ae21e032052f246c143325f9665362091e7a79d8db6a9e0573296d4e83eb55b768703147ddf759c5d14b07b6ec01badb9107f0aa8c39f15118d31b95a0d6a6de9cd4db553208953c34235584720b5bd8fa50b3c5d3515e51f40417a75eb8897a9920a5609118a9e3889a9a2800a36216a5c8ae24786c281a9a3d6a34a9969500e0b7deab31586b1d2ad54d4ca808b1d6a9688915d82faa2fb6d57106342ae511c77bdcb10cd722f6254b14d33103c355b02650539827f51f750cb8bb9ad148ce4acbd4e2128ce335f3952f9806cd94300083a1166dadc874a2e2e2eeaa5142aa924d973a8b9001360c37b0d36d36aa34c4d4f1e201aa4d19b4be8231bc46661dd96063c8a8548056caa1574fde005c1def4063f112307cdf6dfbe71c8312f6cbd07d2369e9462106895c38355a13a453e1f10e9090638d973e619d4b1cc45badac00e62a7ff0048676431b90478b5bb03e262e6e03053ab13a8e747e2f0f7b0160a3cb5f6aad7c1aa0d751adbadea788269f61b2f6826762e4a87b380caa14aabdeea0adb4f1123983cf7a67f4de20a852c180d4860183582819c35c35b28b13a8d6818853c8a0be09f81cbc7273a17b8d415b0cac19d9db32ec6ecc4d0f0ef71eb51a4545c31d5c45541a98a27bccc8ac1db3b29cd6cc33588b107edb0df9d109c5a53bb9b5985868a43def751a7da36f6a861874aaec4b91702b68c519ca872f1568a4664b6ab93775d2e1b4656046abd69cbda2989d1b2e805c5cb594e61e3625b7f3e429981e1065d6f6a0f88608c0da9b8b6f5bc6113932b65a2f1c50c599573e9e3f12b13d494209bf3eb524044eb62237504100a900105cdc0522dfb46d36db4d2b1d3e32e74fbe8a878cc909fa3b0eb700dfe3494a08c271948d9e153bbf12f85c5f6b0b5c1048b6dbd524d8e95cf752059d05adde6726e0b9073060d7fa4616bdac6a1c3f6859f49547aae87e17b1fba8897ba50191ae4ebe64fe55b41c66f672e48ca1d0c9f87cae242c41ef195db4e681c2dada016722de95dc5e2a770c2570c8df608195480006516f0b0000046b6f2ab25c78516b6fed42629011ad538afa1abf4a94e36d0aba4659735ae54953a5ed623d6a25ed6e2b35f38cbe2bae5195b3bb48d981fac0b31dfcaab71a8739d286111a8942c7ca82f8b71269882c00b055d36b2a851f70141617eb0a6cb5dc1fd7150d6cb4f45938a8c9a99d6a2228687657a3d4acda5bf9d6a0ca6a4917407afe55e423e9b246b67626a256818ceb45c6d52c51094344466854344c54914c250d4aa6a15a7a5590c9d4d2c3e2813600fad058bc4dce45f7a9a29d505ae01f893ed4f466f6192443bc56eba7c351f9d523a10e579826add71408f7dfa55563def2b1f31f70029a25d932b8b5b5b8a9e337e7eba50d0ff0037ab185c5ade1f6fd29923216b1dead30925e828a31ca8ec1476a15d8a5541596f43e2f0c0ea68a4a73ae95aa32e8cec96bd80a7c6b53e2e221bd69b12d4b474451328a3b0f0d43878ef5670c75a450495225820aa9e23852aec6d7e75a3c3252c6c1ceba2271b9f1918bc3f15688916aa3e31c50cac6e4e95bdc56022ee9e5702c8acff00004d791cb35f7e7f89aa9eba3194f907e0e3795c246a598f202ffe42b5aff2778864073a86b6a0fea2ac7e4ef837711f7f258338d2fa655f5f3adcc78816bdc5b7bf2b75bd72f2b2b8d1e21c5386e2306d96606dc8eea7d0d3f0d8c079f983e75eab2714c3633340619658ce85f25901eaacc413ea05794f69f80be027c86e51fc48db665e608e4c2b6849a32946cb1e20ee02bd452715cd6a60c5f798600eea6dfa7dd54ea6bab14dd51cd9a2ad34695e359141e7553885ca48a62629d4036d2a36c46737357b463269a23c4a694dc08f18a7e29b414de1dfb45a87fb1507f12e244a80ad1d22d0acb4345260a6116aec91285b31b5f6d2f4e47a971787cc05b71f78af061f67d54e5e150575a2516a375b1008b5a8965d986d5a3d99d5090d131b8ea2abfbb3d69e328dcfb0de968765b4720eb4b124db4d2abd3108480148bec6e4558615c35d4fa79d16495d24c468bbf33fa528575b9d68e9f03efe7fad3228284c692ec2b0f1e950f1586ccadfbc05fd40a3b098736f1683ef35de2e80a7a11551d112db2a14512a8c05f95330c3507f9daac9d2c00eb4ec9a21c3e200d7f2ab9898686aa161b0da8f886d494852887a9bd4d18a823068a8eb6464d15f8a637b1a1d175ab1c540a4dc9b0e7e9ce8648f5d36be94da358d5046112ada14a070b61bd1e98a8c6ec2a904ee83f0f1d41da1bac0cc34b53e2c683f5413ed55dda9e30a9177646b27840ae9c7b3cfcba7b307c4f8c4a2078b3785b43e84ebad66b85c3de4d1a75602b47da58c88af948db5b79d67381cd971311e8ebf79b55fe475afa30c75cbfb371c530b2493ac421ce1485ef260c5547f020b2aa8f2049adcf66387bf76639142687281b0bf97dfef449e2a91a666b69f1f41e7401e373a10fdc82185ee1b5173a0cb6e9cef5e75ad1d9c64ee8af8fb0edf382f2c8ceb62000d9421e4cb63b8f4dea6f94ee0e0f0e2d72cd0157566d5ad70ad73cf43f754dc538fca8165262d6c0a23dcdced6b9d1b95aa7e3b8b1370ec4e7f0de092f7e5e13bd6b092e8cf242556cf13c262080577bd3bbc3d285812cd75375d6cd6b5fcedb8a2af5db8de8e2c8b64af8c622d6a815c8a7ab6b478963b56eb7e9cd2d785634869a9315371bd58cb2476d2ab9e93490e2efc0a3c5a4f2a67f493f950a4d72a1b345468605161443bd85411b6950e2a7e42bc43e86ec86798368df1e95d46ca729d41a01e9eb3e963ad08b4fc089d8f2daa10b4447e34d771f8723edb57150fad1d14a98d44f10a370af66a6c317334c8f437f3a451a089ae29c62e60d8d0785c4adaf716a4d39652c4e55ebfcf3ab336a83e190f3a838a3f82d4161662a4124e53d74a9f881dba1a40d03e1cfe3f95aac49d41f2aaf8c823ce8a0c4da936144f0b9f73f70a362a061a3637a22c99064544660050ab2529261a835ba6674767d4e9ad305d75bd8fdf51f7e06807e9f0e74d3213bedd0695ade8690a68c8b6b7bf9d770d0f8ae69f18bf2a270c9cab34b66ae7f104e29c6023051211e5596e2fc50bceac5b305dab678ce1f11d5e304fb54184e0b8666fd98e55e9615a3c2fc9c9522ab8ef1b8e583ba2ba916bfe04579f3968db95c6a0fe15ed0dd9dc3b358a0af30edae155316e880041972db62328d7e37f853cee2e28c7f1dbb66ff837178f15121d2ff681fb2c37ab18b8122ea14cd7d7e90e73af463a81e5588ec7f67657c33e22227386f08e4e17eb2dbaf4f4ab3e1fda89d058adebca9c384bfe9eb639f25aecde60b834360cd046afa90428b8bef63cab0ff289c7d6285b088c0bc960f6fb31dee6fe6d6b5ba5ea78b8ecee1eed9540beda9f4e9584ed3612456577ff00cc05af7d7dfd88357069b44648b49d95f1c44266bfb74ae5fce9905adbebd2bb5d5138e487fbd2f7ae5ebb5a99d08d34d76b9412ce52a54a93048d196b5564f21268c9db4aad26bc83dd4748ae52269505a64f8696c41e401bfa74a2d186e36e555eba213d4dab91ca453a1a9174ada50f62d7b6d51c389e552c7290081d691776491a85dc5fc89fcaa6b99481c87f3a508add6895c501a28a763b49168c80adad55f8a9765e945896cb726aa9e5cce4d222c32392c34f8d4f11a055b974a9d24a861658a3daa68e4a1f87e291092eb987874caadb3a96dce9750469d6894e211678db278573071913c576720daf626c577dadcc0aa44363f153f874a80e2ef4ff00e9584001e3b9b20b8443f56d98d8ef7b73defad4987e2987b8b43f6ee4e543e1b35c0b9f31be9a5ced6ad9323935e1d8c732728a956651f556e7ad45c3b88c48143c61ecce58900920a65502fc8124d8f416a2bfa4a33f60fb227fb2c9d75f1d9be277b5af905bfa067c51e744e1f1e39d48d8e83303dd80be0b8ca84e88ead6f52ca7a6954ceb59b9d14b7da2e7b4133084b21d6a8f817cfb107e880d3767baa2f95c6a4f90bd693b3b8332a5e41f46341fc5e9e5e75a840aaa1540551b002c07a0aeec537c6cf2f3c63ca8cbc3c271e18890c2e96dc33a9f40b6371ea4579ef6b60b4a6e0836dba5b4b57b5f7b5e4df29247cec804ea8ac7a5ce9ffe456b3c9706998c2094ad1a2f9279dfb89149f02bf8474245dbf1bd19c6b011c923b442cc09cebc9cfda65e8d7dc73df7df0bd9be332c31ca90d834845d89be402e0951cdb5df95abd2f82857891d798171fc4343f7deb270e70d9bc27c25664d56e4281f58807d2a87b752ac989caa4011a88ffac35fcedfd5af48c6e0955fbd035b6a2df6bafa9af2bed2e05a29dbbd20338ef16c6f6249dfe15cf8e0e12699be5c8a71b4534447a53eb5dd91996ddd4a8ac9213b8041702ff1234f75ab5c6f6330d25cc6cf11f23996ff00ee9d7e04576471bab4714a693a3cf2f4aac78cf029b0c7e91494bd9641f55bf43e47a1aab069134495ca6de95162a3b4ad4af4af45851712ed4139b515de0351cb157927b09900d69d6ae8ae13459763643e103a1bfc6d51835d95b6fe7d2986a90593a8a96296d5129a75e917616b38a70905039bcc7c3fc2affb1bc3e39e498c886610c0f3ac084abcec85404040cd6f15ce5d74a122653e2ad958d8827414fd80f3a9b88e3b0d2143040d8660089a32c648c30360519bc60db7046876e7513b8beebf03fa526252bd86e0a68c2c99c12592c96fb2d70731d7cadee6acf0b8dc2ab1cd1961dcaaea07ed40b17df406c0fb9a5d9a8a13163269205c418638991334880969321d52c763e7b557710e211c857261530b6bded24b267bdad7ce34b58edd68ad599b926eb613f3b8846eb93c4561086c3465fda1bf9d370f8d842c61909612667d078a3b0b2defa5b5f8f95554b3ff00127f64ff0076adb82e1a1ee65c5e26e6089963091801e699f558c311e1006a4ef63421c9a48e8c761f32931920620bb0b0b1809fd9efd00fed1a661b171acaed93321cf914f9df2dfa5874f6eb51e2b8ce12542130230f25c646599e44b5fc41d5c74dad6fd6289c754fec9fd2ac51768b68b1d0597e8cdc4254e83596f70dbf4b8bee2a55c743a780fec326c07d2e9e2dfd75df5ae765608e6c64114815d1cbe651996f68a461a8b1dd473a7e031186c6438864c2fcd648613880cb23cb1ba02a191c38f0b1cda5b7b1e94c1c9275b209b1a96395778917ea8d1c14cc6f73b80dae87c5573c0e18a72494211660c741aa65fd9defd753e559bc040d2b8452bd49ca741cced5bee130a2186200152e8a795f3300492399bd3c71e4edf4679f27154bb2c9e6402ca2c0378458582db41fe1433cd4362f899cce8308aa033287ef24bf8588bd89b6c2a093123a8aeb52386835b115e45db5c6e7c6c840fab953afd51afe26b6bc7bb4ab86ca4c6b35ee0a1764074dcb28b8b550f6d31b8344832601164c56123c4f7a7113b189a52e3452487b64e7d694e7e151d153d988b3ca576196ebeb71a13f1adff6766299a33b6e3d79ff003e55e7bd9939640d985b61a7f856bb10e6c48e9cbcabab13b8519e4fd8d916b8af38f9492a268891725181f4b8b0f5d6adb0bc51c2839db4d0f3f43ad5576a51a68f31199d2c56c390bdc7e7ed53383a1c25b23ec0f1050cd03ea1aecbb5c6db13b30216c7a16e95a9f9cae65c9f549b8bf4f43a8f4e55e4f1628abab8dc1bfaf913d08241f5af45c363d65b483f7413e79b5cdea75f7bd2c13f09cb1f4bdc444b88c3cb0b6cc0adf7cac7eab0f30403ed5e7edd917536771ea2b6dc0e7be7f51f9d79f715c74c66915e46395dc74d031036f6a324945ecac78a53d22cff00d154d3e94fdd4ec676402c65d6524817b102c7de87e0614c80c8c6de64d1dc764c91318c9009ea48d77b0a4a69ab29fe3c94b8decc949030d48d2a2a2063588b1d4548b12100eb529df4438b8f63b08f71e9a7bff9510ed6142615ac3dea459731af30f50631a8e76b0f5a926d28391ef490ce96aeab53290ab02756a706a815a9d9a932d308b9fe2a3b81617bc98018a1849002d14aecc80c8364ef41fa3bdcf88e9cb9d5c705f93bc7e2625952348d185d0caf90b83b155b136f5b5eb3fda1e073e12431626328d6cc362acbfbcac3461fc9b534887252d266a7b5b8dbc58749e78b138d53277b2c255ad169ddc7248a007706e7c87c4e7f39d3ebd4fc67b1d89c14314d32c6125202657cc6eca5c5c5b4d14d73b35c0a6c7486280297552e43b651941009bd8f3614a4ad910a51ecd1f62716e23c72c7885c3ced14222796458bc42425accdcf2dfe3555da08b10aeaf88c4ae264704668a65948096b06ca34fada7a1a070bd959f118b7c122a1990bdeed65f05b359adaef5732fc94f118c129146e798495337b06b0fbe9f944fc54aed19d7763fedbefabaecf63227826c0e224300791678667be45955721490dbc2acb6f172acd6230b2248629119240d94ab02a413d41f5ad99f927e23b1583ff00987f768454dc6b6c131bc0cc11977c5c0cd701638a7ef5dee752028b0037b9b50b107e937dff00a54dc67b0989c145df4cb105cc17c0e18ddaf6d2de5563c1bb078cc44293c6b1776e0952d20074246d6ea0d3052556d937642611e3b0cf21645064bb4872a8fa1900b93a6e40f53527f4cbe3387b464c5869a37579238d5214c54476b6de243ba83a8eb7b501c67b238bc32669a13ddf3752aea3d4a9ba8f32050fc0b83be266548a3cec05ec2d6007324e806bce9d93249fcacd1f07548d0052e49d4b10c2fe8481a55b6171016584b12aa258c92c6c000c09249e550e37b2d8b890b955755176eed83151d48d09f6bd0780ecfe2b13199201195cc54e66b0240048b7b8d6a964ad51cee2a5bb2d3891989777c6472c61d99504c8c40b9cb9546b700d65b8af160a1ac5b41fcdba93a0ff002abb6ec062ec088e256ff8a08f636d6b1dda7e0d2619fba9f286b07395b30ca4b0d4ff0054d5b904228a6e21de4fe262de57361e43f9eb5376b714ac301918365e1b8646ca41caead35d1adb30b8d0ebad03c51678e3866cb961983f7248fac236c8c6dcb522de441aa8c1e14c92246b6cceea8b7d06672145cfa91409ecbee12f617f16fb79569e2c48239d28fe4ab89afd887d04c2ff00781541c5b098ac1384c4c2d1311719ac55873caea4ab7b135d30c892a336afa2c23c72a121ad624815d8b8a21392f63cbcbdeb298bc7176bff003f0a18ca4f334de7fa058c9b8b47964207d5bdc7bee2ae7b2d8a26e9d149f6bdc8f66fb98f4aa15948e67f2f851bc2f159645650030606c3457d75523913b74aca32a959525aa3d0fb3ada3fa8fc2b29c7b87912cb2696ce4fc4ff008d13d98c04ad23bf78eb0873e10c6f27300f41622e7da85ed71231245cd8aab5bced6fca9e57cb65e08bba4c1b0bbda8fe30dfeac3da82e0aa0c82f6b519c7c8ee881b5ea23fa9d1924b9a467f039730cdb51f2e2141b0aa95a924bdea948e5caad9d53b0f3a9f0eda0a043eb7a9627e5e46b84ee259e4d075bd4282ed6a631daba8753e86803bc8572b80d2a631d4b301a9170371d47315ca9b058632c8912950cec11733055bb1b0bb1d00a6167bdf6cf876278861f0f3f0ac584b0ce155b20916cb9406e45482329d3c46f6b578d76d7198f7988e219d645539508caaa0ee500d08247d604dedbe95ab3d8de35c2dd4e0d9a657b161159a2cff00695e373ff3d85c74dab43f2d04370ec31c42aae2ae8085f165778d8ca81b9a823fe55ab7b472636a325e8cf9632470ec091fbf17fd092a8fe4387fafcbff00b57ffef1d6a3b63c364e27c2309260c090a88a4c80ae62046f1ba8b9b66566d45fec9aaff924ecbe2b0934d89c544614ee4c6a1cadd999958d803a001773d68af90934b1340fd8b6ff00bc98a1e789fc56a9fb59dadc6e178acddccce51244b42754605232500b69724edaeb477c9c63966e3f3ca9aa3fce9948e6b996c7dc007deaebb47dace1184c648cf83cf8c4652cc1339cd954ab06660b7032ebca85d04ab96d5e887e5d30a826c1ca001217eed8f36505196fd6c49fed55efca8f0ce252bc2787f782d9fbc31c889c932df330becd5e43da6ed4cbc431492b8c88acab1a5ef941752c49e6c6c3cb403d7d7fe5430fc4cbc2787093edf7a504479264be7feb6d42f41a6b8a7fe9e5dda4c1f14855171ef2e4737557911c165e76563b66e7d6b77362648fb3713c4ed1b80b95d4d9866c505363e6091ef588ed1f0ee2fdd8931eb298a33a33f720297217ec6ba9b0af44e198f820ecfc126261efa10be34ca189be22cb652403662a753ca92eca9feabaefc21f923e3388c4262e1c531991163b33817b499c346c6de21651beba9f2a13e4a3190a62719862c159ec22b9d5d23790301d4d8a9f317e956dc731cc7831c4f0948d14ae764540acabb4a728d3bd4b6c6ff54efa5fc9bb1fd84c57118a4c4412c6a62364bb91234a0060a2dfb3b83a313bfb9155d19b6aa5e1bde35c378be0d65b4ef2c0e731917c45002761bc5a1d6da0eb59987884e8b68f11246ba9caac40bd85cdbae83e15bbf92d9b8ba34b1f118d842919cb24b97397ba809707e90105b537d86bad79df1d9e3189c408ad904b205b6c0063a0f206e3dab29dc76563a95aa3d03e53313895e1b847c348c929ee73329b33298642c2fcee403ed5e45819b158fc44703c8d2cb2b2c419ee4a8b9b9f45059bd8d7b076fdedc37027fe07fd09284f931e0b19964c7b00a501851bf89c02edea16c2ff00c46b4bdd12b51b2c7b71c021c5f0e97098700c980eefbb51f5864883653d73c6c7ded5e19d9c23e7585b5fff00110731fed53cabdefb21d9d7c2637138a7c74730c57d78c4654860d78ec731be504adadb1af2ded5f67be65c6e245168a4c4c1345d32bccb75feab6616e997ad59117a68d5fcb7f1cc4e1b1387f9bcef1664766ca7462acb6b83a1de8bed462ce33b351e2312a04c156453600e6597bb0e3a67437b0e4f57ddb9e31c3a2c661a2c7e1a390c8488e478d5d23198025cb1f08b91b03592f977f9daf7110b7ccded6c82c7bc4b911b0d828162a06f63d28123c82954a70ae37007a951f75e98f115dc11d3a1fd68b35a1b4af52458776d9491d797c76a2d3861fb6c145c03ced7d8f216f7a76068fb3dc6cd954a8219ac6c4060e79d8ee0e87e345768f87ac8eae49db2fc0dff003aa0c2c0b1d8eb70da93c88bd986de7d76a93118c73ab124a9b1049d8fc05b71b73154f226249ae8964c2c696f17aeb73f0150e3b14194a58e95036c46e371f0bfe1e5b8a1ef723e07f9f4fce958f936fb0b8d7c02e17cbcba545de03b8d6a12c57c24e82b8d22d45834034f8db5a8e9562758f635d6046f5361e3d89f6a762353e82f4010c42997aee6a683420b1c0d7185f4ae0aed30b34dc37e50389c08234c467502c3bc50e40ff7feb1f726aa38bf17c4629c498894c8c0586c1541dc2a8000fced40deb97a2d90a114ed22df80f6971783bfcda764526e5080c84f5cac0d8f98b1d289e33db6e218a5292cf6422cca8a1330e848f111e57b567ef5dbd16c1c237741bc1f8bcf8493bdc33f77265297caade16b5c59811c8547c431d24f2b4d336791c82cd60b720051a0000d00a1d6bb459692bb1c848208dc1047a8d456a7fed138a937f9d0d7ff00461fee56596a45a2c25152ecbee23dafc7e263314f3878d88257bb8d6f94861a8507702a293b438a3861846941c3002c9913657ef078ed9beb0bef554a69e7637e87ee04d164f18a5d12f07ed8e3b081d70d3f768ed9ca944719ad6b8cca6d7005edbda81e15c73138690cd8794c2ed7cd902843737b18ed94a8be82d61caabe955987146ab897ca37139d3236232a916263455623fdedd7dad59982664d14e9d395474a87bec12e3d1a4c4f6d7153c690e224cd1c654a2e4416c8a517c4a013652451b1f69a7783e6bdf0f9b9bde30a809bb66376b66d4f9f96d58ea230d87cdadedadb9dc12343d2d7d2a1c7d1aaea8d1c30202193c2ca43291b8606e08f30455a714e2f89c5346f88943bc2d9e26c88a51aeadc945c5d54d8dc6958ec363590d89247de3e157116281d8dea2e512b8a61dda079f1c55b15397640429c918003104dc2a8bed4fc7717c7cd87f9abe284908555cad1a66b25b2fd25b35c5b7bdfa9deab3118b236241e7404f8c756cc0dc1de9a9b0fe3540af84ca6cc1afe7fa0bfe229e9365161a0e6397c3c46fee28918f4934912e7af31ef4cc4e1d2de1627d771d079d572fb0683209b4d752baf9953a301b9db5a796b1dff00809ea3746d35b7b8d0552a624adb991a6bd36b7a5b4a42662353a5ad61a7a5686659bce06e6c48cadd415d8e9af4e7fbd507ce2e4585c9194f9f21f80f8508c6967236a763a2c9a0016ef2016e43f5fd283f9c0fb22c3ef343cac48d6a38de978154c2ddef5197b537bd151934e284d9dbd3a35b9b52a5589d21d6b7df5113e2f61f8d2a54808a45b9247c2a134a95311da57a54a801eb6b6b4da54a980abb4a950c0e8a7034a95218e14e06952a063c1a52b784dba1a54a807d1597a57a54aacc054a952a602a230adb8ea3cb423506952a04731475bfef0bfbf31f1bd471c846c6d4a952a0098e7275f634965c86c4020fc3cc57695675ba34bd58a5842b0208b1d475a8da41cafebfa0e5eb4a955a5a21f60ec6b99a952aa24e673d6bbde1eb5ca554074c87ad701a54a82457aedeb94a988fffd9);
INSERT INTO `movie` (`mid`, `mname`, `mpic`) VALUES
(3, 'Kingsman The Golden Circle', 0xffd8ffe000104a46494600010100000100010000ffdb008400090607120f110f131010121210150d13171310101012181218101816181717121a1a241d2a20191a261d171321312125292b3a2e2e191f3338332c37282d302c010a0a0a0e0d0e1b10101b32251f262f2d35322f2d2b352d2b2f2f2d2d2d2d2f2e2b2f2d2f352d2f2d2f2d2e2d2d2d2d2d2d2d2d2d2d2d2d2d2d2f2d2d2d2d2b2dffc000110800a8012c03012200021101031101ffc4001b00010003010101010000000000000000000001050604030207ffc4003d10000202010302050204030409050000000102000311041221053106132241516171143281912352a10742b1c1152443627492a2b2d13334546373ffc4001801010003010000000000000000000000000001020304ffc4002a1101010002030001030302070000000000000102110312213113516122418114a10491b1c1d1f0f1ffda000c03010002110311003f00fc364c893011110111101111011110111101111011110111101111011110111101111011110111101111011110111101224c1811264498088880888808888088880888808888088880888808888088880888808888088880888808888088880888808310604499126022220222202222022220222202222022220227574ee9d6ea5f6535976e338c6002400493c28c90324f7226a17c115d27fd77a8e96a23bd3a72da8d467dd76af00fdcccf3e5c30f2dff0095b1c32cbe231b13f43e9de08d0dc003aeb15f71e16b56565cfa7962bb5b1df391f5969a8fec92bb10369b5854f394d4d6bfa1ca138fd8cc32ff001dc38dd6575fc56bfd3726b7a7e51135bd77fb3ad7e8d3cc350baac7366989703eeb80c07d713253a38f930e49bc2ed8e58dc6ea91112e822220222202222022220222202222020c418112644980888808888088979d0345a3bf6576bea16f67c0d82bf2fe9c9e645ba9b4c9b51c4d6788fa1e8b45846b352d73d05d028af603c85dc78e3703dbda79f863a26975a0aefbd6d5a8b3ff00e98af19c641c1c0edde53ea63d7b7ec9e977a65e25b75aa3495fa74d65b6387e59b6f97b7073838049cedf6c779edd3fa550fa5b6d7b48b5436143280081e95208c92c7e08eff496ed35b3adde9471112ca9369e16f062d950d5ebec3468c72aa31e6da338c2e7f2827df07383f432a3c37a1af9d45f8f26a718429b95ec0376d6191e8c0c1efcb2f04133bbc47e2bb35f6efd47a6945fe169ab1841c703fc39fd273f2e59e57ae1e7deff00b4fcff00a36e3c719fab25a75ef16e6a7d3f4dd38d368fb3140033e3dd9bb93f724cc98d48518dc54e7b201fa9cfed39b59af7b719c2a81808bc2813964f1f0e384d7fdfe4cf9777c59b75520fa5acc03c65b9fbf044efd0f8bb554f09a9b957f977023fea0d33b12f78b0be58ace5ce7c57e8fd2ffb49d422e1c87240fe2270ff00aae369c7e93c7a9d5a2ea55b585cd5acefe6a2652c39ed620c153efb873dff0037027e7ead83913be8d59254a9d96827d433eaf8cf3f7987f4b8e37b61e5fc36faf729acfd72eb34af4b94b176b0c71c1041190c08e08208208ee0cf19add2d5fe91ada92bfeb2a8cd49046d2786358e32377ab0338dcc4e32664d9482411820e083dc1f89d1867bf2fcc619e1d7dfd911112ea111101111011110111101111010620c0893224c044440444404b4f0bffef349ff001358c7ddb12ae7774238d56971ff00caabfef1232f8a9c7e5b0fed1ba73ddaed2555293636942819f8b2c2493ec00c927e92bfc48ffe8eabf0346e05d11f53791836e46422ff00f58e7f5047f36741e33ebc7486b6a900d559505f308076d0ad92a07cb3641fa0fb63cbacd75f57d1d765407e2101d8a0e4eeeef41f9cf75fae3b6e33938f2bd71dcf1be7376ebe5f9b4d1b783aef2ecb45da765aea776d96331c2aee2061719c7d66726bbc26c7f07d4319c79367f5a5ff00f13a3932b8cdc658496eab35d3f486e7081d109cf36310bf6ec799696f8535019141adb72925d59b6280403b8951f23819cca29b6f1c5ec9a6d1229215d4b3004f2555303fea3fd233cacca49fb98c965b5f1e21e9cf4e9695ac2bd158cbb2939f31b82e463b13efce320761322f5b17db8258b00147724f6026bfc2f6b7e035ea795096633ed9a8938fda677a35eb56a6976236ee193f1918e7ed995e3badcfb2d9fbaaea1e1b20aad9a9a2bb5b1b6b6662727d890081f1c6733eeef0bba556bb5a9bd1771ac1cfa39c127d89dad818fd8f03a3c43d075166a89aea674b766cb1149af180bcb0e0018fdb99e9e3fd4a9b6bad58164ac8b197b124e429fb6338fac4cadd7bf28b8c9b51f4ee96d7066dc95d6a4036dac426e3fdd1c124fe9f1f2274ea3c3d62d565cb653654a01df5b939e704018ee32339c4b1e809a7d569bf0d75be53ade5d0f1ce5719e783f18ce7813ab55d06ed1e9f51e558b7d2f57ad482ac3041f300c9070339e7fc22f27ba263e6d9be93d30ea58aad95a10338b0b02ddf3b4007380332cb4fe11b999817ad143ed47724798719f40c64fb7f51c90670f864675540ff007cff00819efe2cb9cea9c1638408107c0da0f1fa996b72eda889275dd5c69ba4df55a76322baa216b8965a546301b711924956e00f63d80953e26e91752de6dacb60b5b26c518cbb0dd923e4f278facd178e59d869ebcf052c764fe671b79fbe099c77b67a3a6724872327d80b8e04cb1caf997dfc6b9fbe32fd3b4166a2c15d4b96209249c2851dd98fb09734f85d6c66aebd650f780735a87c71c9018819c60e7038c4f0f07dd6ade453579a5ea2aca5b6809b95b716eca0155eff00e3897bd3341557af577d556da937bb791a7addab0c777a4d8718c739189a679596b3c71958bd5e99ea77aec52aead8653f33415f83ecb2adf45d5ded90025393962546ddc71823703cfb4e5f19b13add413df29dbffcd6683c3769aba4eadd5b6b8b6dda477e52a52448cb3bd659f831c676b2abc7816e657f2afa2eb50e1eaa9c9c1fe5ce386fbe3ef32aca412082083820f707e26bbfb31b4aeaecc1c0fc2be7e31bd267faf1ceab55ff00156ffded271caf7b8d4593acb1c11113550888808888083106044991260222202222025d7873a63d8f5dcac816bd421219b0c7690dc0c4a589194dcd263f4af17787ecd6ad16a5fa51b2a7dcb66a6b57c6770e3f7e250f842ab6b5360b6a153920d66c1e6065ecc17dbbe392323ed327131c78acc3a6ff00b2fdff005766a3c47d292c6b2faeda94952d656cdc9b00e5930307777c1c724fb4eef0e53f87a6d46be9c5ca3f2be76828c3d408ff007bb0cf6331312d78edc7ada8ed37bd2c0f4a3e70a7cea72467ccde7cb1c6704e339fd26a7c51a64ba8a766a29dd4a3ee5360cb8dabc2019c9caf638ee261a7a50fb4e7009f6ce783f3f7939616d977f04cb5e361d1a95aa8b91afabf8c8790fc2064c0dd9c73cf20665774ed3554dd4167163a5db7152ef47c8ca32e06e2549e411fdde3e27cf4ed1ad9655e63a574da006b1f3b53230c4fc60e7fa4b9e95a5ab44d7d4ea2fbd32f56a74cf9db591b597048cf0d938c9fda6372d6ff003ff8dba6f4f6d6e8137b79dd42fa98924a59a8504679ed9ff21335d7ba08d32a595dc2da99b01b68073824762411c1e73ed2cf55e1daaefe325f6edb0b380286b0919392b82198020e4e38f7953d5f5a82b4d3521f65761667b0619ace47e5fee8193c7fe326dc7f8bfd94ce7de3b74c94dfa2aaa7b92bb56eb0d65db819e4ab7f2a9e39f903bc9d281a0ab51bb515d8ce9b529a9c9193fed1b81d87c7c9fa039989af4fcf8cfb2ebc28882e16d975758a88215ce0b121b007b70719fbfbcb3d6f4eaf55ac565d555fc4dc4052599592b18ce38c1c77fa4e3e81e1a7bada3f115dc9a7b1776fad32e50fa55d460fa7715c93c012e474fd269e96f2eb76bd8286bafb40aeb5367f227ac9f4f719e0fd79c73ce4cbcbeb5c38f2b3e3c7b7882dd3ddb1d3555b1aeb65d81bd6db8af200cf6c1389617f4ad17e00698f57d28b41c86c59b306c2f8ed9ec7e3bccab554d48d5d6eb65aee859955bf2e012bca80aa093f5385ec389c9d6d145559c7ad9ce0fc228c11fb9fe929d376496af7e2daebf05f54ae837a5840f33cb20b70a766ecae7dbf303cf1e9fb4f4e8df86d0dbe6db7add61dcb58a7242061b4dae7e4293e919ef9ce44cac4e8bc7bb6fddcf325d78956b6736adcaeeec335a004050a067767e9d881de6834b6e8d3476697f18a4b163e6ec600125780befc2fb91de61622f1ee49bf84f7f76d57866ed3e95adb0ea43390f5aa6c206d0ea4584e7b10bd80f7ef297adad7e6b35768b03b331c291b496276fd7ef2be24cc35976da2e5e688889754888808888083106044991260222202222025b786f4f4dd68aae4662e7d2cafb40c2b139e39ce04a99eda3d5352eae870eb9c1c67b823fce45f84c7d5851acf4215acb2e10b6e2071919c0facbbea7d16ba9356c1ab6daf5f96a96166405b0430fd477f899d538208f633a2dd7d8fe6ee6cf9a417e0738391f6fd22ca4d2c3c3ba4aac179b456422a106db1d1012d8e4af6eff12af520077db80bbdb0158918cf183ee3eb3d743d42da0b1a9f696183c29c81f713c2db0bb3331cb33124fd49c93137b1edd334be7dd4d40e3ccb513fe6207ef2dbac68156a77ae9aebf2f53e5b0f36d37061bc61d4fa413b49e2512395208241041041c104762259754f10eab54a12fb9ac5041c10b9240c02481927ef22ef7e135a77f4ab02e9ac66abcc53785556660ab91df70c7bf13db5d7ad360ac2b22b047527ba12b9da7dd82b678faf3c8e68fa5f517d3b7a1d9436376d3ed35bd4baa696e4d32db5e72a77b8ce55580da7e587be33c63b1ed31e4fd397c6f6df8edb3e5c6da9abcddb725b61da9cadcdbc2b560b05ce79efdce3932cb5f6a6b995eca9ac56b1857e658e6c083629395217381b8920fe53cce8b7c257ea56af23549a8d3f18db621287b6e2a71cf24638fde7cffa06da15ebf3ebad37e09f346ec633bb960aaa707be4898fd4e3dee5f5b74cecd58c855d24aea6bac8dc86ee3d4bcd61b927078e3ed2d355d3e80d9df5280706a5aed5c8524e48724b7200e303ea04bbd0744a89fe1ea34af62906a1e6aa9e0e49da40dc467e541e7ed22de99f88656d4f50d2a94522b26e160c8390870de919ee0138dc65b2e79f75270ebd77e9a926b2949af6b68bcd6288109d36cb763e001fed2a407dc6e5f9330546ab3840859dd87a57763691c80a39e78ed2feee8ec1c6dea550028d9bd350c08a7926b1edb3bf19fd25c74ad069fa76d7a31a9bfd3b9d6dda021e4ed2782c38c0c7703e312bf531c279eeff008ff36930cf2aced09b9dcbd5e63ae9dec55dd92ee19400e0724804fa7dfd3918e0e7faad9633ff0012b151da3082b2831f3b7db33abc41aedfa977ac1ad723600ec582801412d9c9620649ff0029596dace72ec58fcb124fef3ab8e79b72725f6c59751a546b0a85013ce41b400063d391812c3c57a6ad52b6454c9bac52d5d6b585db8fe1903f31ee7771c62671ac24ee2496cfe624e73f792f733020b3105b710493eafe6fbfd65b57c536d0e8eb29a4a9b4fa54bdec7b05ced50b59769f4a81cece39ce33cf7ed8e3f0d68c5cda95d9bdbf0369ad42066f30636e07cfb71cf3c4aaaee65ced665cf7da48cfde42395395241f90706357d36b1e93a161acd353756558eaaa57aed5208dcea30c08f83ef3afc63a3f26fd9e5ba001b1e669168ce1d865403eb5c0186f7f8946ce49c9249f9279cfde19c9ee49fb98d5decdcd69f31112c8222202222020c4181126449808888088880888808888088880888809ef4ea31f9bd4318c13da78448b369974ebde79d8495f83de7d10adfde6fb30ce3faf138c19f62d3f7fbc8d2dd9d7f86dcacdb800080bcf76f83c4f1a6824819c73df9fde7cd7a8c6781dbdc647ed206a5876e3ed1e9bc577a3d18a992cb5f2a08392c339073db99edd73c4e2d1b694db9eefdb81ec3079fd7f699a7727b99f329f4a5bdb2f57fad663d71f12c73cc8889ab122220222202222022220222202222020c418112644980888808888088880888808888088880888808888088880888808888088880888808888088880888808888083106044991260222202222022220222202222022220222202222022220222202222022220222202222022220222202222020c4181126220222202222022220222202222022220222202222022220222202222022220222202222022220222202222020c8881ffd9);

-- --------------------------------------------------------

--
-- Table structure for table `seats`
--

CREATE TABLE `seats` (
  `sid` int(11) NOT NULL,
  `seatid` int(11) NOT NULL,
  `cost` int(11) NOT NULL,
  `userid` int(11) DEFAULT NULL
) ENGINE=InnoDB DEFAULT CHARSET=utf8 COLLATE=utf8_unicode_ci;

--
-- Dumping data for table `seats`
--

INSERT INTO `seats` (`sid`, `seatid`, `cost`, `userid`) VALUES
(1, 1, 200, 3),
(1, 2, 200, 3),
(1, 3, 200, 3),
(1, 4, 200, NULL),
(1, 5, 200, NULL),
(1, 6, 150, 3),
(1, 7, 150, 3),
(1, 8, 150, NULL),
(1, 9, 150, 10),
(1, 10, 150, 10),
(1, 11, 100, NULL),
(1, 12, 100, NULL),
(1, 13, 100, NULL),
(1, 14, 100, 9),
(1, 15, 100, 9),
(1, 16, 100, NULL),
(1, 17, 100, NULL),
(1, 18, 100, NULL),
(1, 19, 100, NULL),
(1, 20, 100, NULL),
(2, 1, 250, 3),
(2, 2, 250, NULL),
(2, 3, 250, NULL),
(2, 4, 250, NULL),
(2, 5, 250, NULL),
(2, 6, 200, 3),
(2, 7, 200, NULL),
(2, 8, 200, NULL),
(2, 9, 200, NULL),
(2, 10, 200, NULL),
(2, 11, 150, NULL),
(2, 12, 150, NULL),
(2, 13, 150, NULL),
(2, 14, 150, NULL),
(2, 15, 150, NULL),
(2, 16, 150, NULL),
(2, 17, 150, NULL),
(2, 18, 150, NULL),
(2, 19, 150, NULL),
(2, 20, 150, NULL),
(3, 1, 400, 3),
(3, 2, 400, 3),
(3, 3, 400, NULL),
(3, 4, 400, NULL),
(3, 5, 400, 3),
(3, 6, 250, NULL),
(3, 7, 250, NULL),
(3, 8, 250, 3),
(3, 9, 250, 3),
(3, 10, 250, 3),
(3, 11, 200, NULL),
(3, 12, 200, NULL),
(3, 13, 200, 3),
(3, 14, 200, 3),
(3, 15, 200, 3),
(3, 16, 200, NULL),
(3, 17, 200, 7),
(3, 18, 200, NULL),
(3, 19, 200, 3),
(3, 20, 200, 7),
(4, 1, 200, NULL),
(4, 2, 200, 3),
(4, 3, 200, NULL),
(4, 4, 200, 3),
(4, 5, 200, 3),
(4, 6, 100, NULL),
(4, 7, 100, NULL),
(4, 8, 100, NULL),
(4, 9, 100, NULL),
(4, 10, 100, NULL),
(4, 11, 90, NULL),
(4, 12, 90, NULL),
(4, 13, 90, 3),
(4, 14, 90, NULL),
(4, 15, 90, NULL),
(4, 16, 90, NULL),
(4, 17, 90, NULL),
(4, 18, 90, NULL),
(4, 19, 90, NULL),
(4, 20, 90, NULL),
(5, 1, 250, NULL),
(5, 2, 250, NULL),
(5, 3, 250, NULL),
(5, 4, 250, NULL),
(5, 5, 250, NULL),
(5, 6, 200, NULL),
(5, 7, 200, NULL),
(5, 8, 200, NULL),
(5, 9, 200, NULL),
(5, 10, 200, NULL),
(5, 11, 150, NULL),
(5, 12, 150, NULL),
(5, 13, 150, NULL),
(5, 14, 150, NULL),
(5, 15, 150, NULL),
(5, 16, 150, NULL),
(5, 17, 150, NULL),
(5, 18, 150, NULL),
(5, 19, 150, NULL),
(5, 20, 150, NULL),
(6, 1, 400, NULL),
(6, 2, 400, NULL),
(6, 3, 400, NULL),
(6, 4, 400, NULL),
(6, 5, 400, NULL),
(6, 6, 250, NULL),
(6, 7, 250, NULL),
(6, 8, 250, NULL),
(6, 9, 250, NULL),
(6, 10, 250, NULL),
(6, 11, 200, NULL),
(6, 12, 200, NULL),
(6, 13, 200, NULL),
(6, 14, 200, NULL),
(6, 15, 200, NULL),
(6, 16, 200, NULL),
(6, 17, 200, NULL),
(6, 18, 200, NULL),
(6, 19, 200, NULL),
(6, 20, 200, NULL),
(7, 1, 200, NULL),
(7, 2, 200, NULL),
(7, 3, 200, NULL),
(7, 4, 200, NULL),
(7, 5, 200, NULL),
(7, 6, 100, NULL),
(7, 7, 100, NULL),
(7, 8, 100, NULL),
(7, 9, 100, NULL),
(7, 10, 100, NULL),
(7, 11, 70, NULL),
(7, 12, 70, NULL),
(7, 13, 70, NULL),
(7, 14, 70, NULL),
(7, 15, 70, NULL),
(7, 16, 70, NULL),
(7, 17, 70, NULL),
(7, 18, 70, NULL),
(7, 19, 70, NULL),
(7, 20, 70, NULL),
(8, 1, 250, NULL),
(8, 2, 250, NULL),
(8, 3, 250, NULL),
(8, 4, 250, NULL),
(8, 5, 250, NULL),
(8, 6, 200, NULL),
(8, 7, 200, NULL),
(8, 8, 200, NULL),
(8, 9, 200, NULL),
(8, 10, 200, NULL),
(8, 11, 150, NULL),
(8, 12, 150, NULL),
(8, 13, 150, NULL),
(8, 14, 150, NULL),
(8, 15, 150, NULL),
(8, 16, 150, NULL),
(8, 17, 150, NULL),
(8, 18, 150, NULL),
(8, 19, 150, NULL),
(8, 20, 150, NULL),
(9, 1, 400, NULL),
(9, 2, 400, NULL),
(9, 3, 400, NULL),
(9, 4, 400, NULL),
(9, 5, 400, NULL),
(9, 6, 250, NULL),
(9, 7, 250, NULL),
(9, 8, 250, NULL),
(9, 9, 250, NULL),
(9, 10, 250, NULL),
(9, 11, 200, NULL),
(9, 12, 200, NULL),
(9, 13, 200, NULL),
(9, 14, 200, NULL),
(9, 15, 200, NULL),
(9, 16, 200, NULL),
(9, 17, 200, NULL),
(9, 18, 200, NULL),
(9, 19, 200, NULL),
(9, 20, 200, NULL),
(10, 1, 200, NULL),
(10, 2, 200, NULL),
(10, 3, 200, NULL),
(10, 4, 200, NULL),
(10, 5, 200, NULL),
(10, 6, 150, NULL),
(10, 7, 150, NULL),
(10, 8, 150, NULL),
(10, 9, 150, NULL),
(10, 10, 150, NULL),
(10, 11, 100, NULL),
(10, 12, 100, NULL),
(10, 13, 100, NULL),
(10, 14, 100, NULL),
(10, 15, 100, NULL),
(10, 16, 100, NULL),
(10, 17, 100, NULL),
(10, 18, 100, NULL),
(10, 19, 100, NULL),
(10, 20, 100, NULL),
(11, 1, 250, NULL),
(11, 2, 250, NULL),
(11, 3, 250, NULL),
(11, 4, 250, NULL),
(11, 5, 250, NULL),
(11, 6, 200, NULL),
(11, 7, 200, NULL),
(11, 8, 200, NULL),
(11, 9, 200, NULL),
(11, 10, 200, NULL),
(11, 11, 150, NULL),
(11, 12, 150, 11),
(11, 13, 150, 11),
(11, 14, 150, 11),
(11, 15, 150, NULL),
(11, 16, 150, NULL),
(11, 17, 150, NULL),
(11, 18, 150, NULL),
(11, 19, 150, NULL),
(11, 20, 150, NULL),
(12, 1, 400, NULL),
(12, 2, 400, NULL),
(12, 3, 400, NULL),
(12, 4, 400, NULL),
(12, 5, 400, NULL),
(12, 6, 250, NULL),
(12, 7, 250, NULL),
(12, 8, 250, NULL),
(12, 9, 250, NULL),
(12, 10, 250, NULL),
(12, 11, 200, NULL),
(12, 12, 200, NULL),
(12, 13, 200, NULL),
(12, 14, 200, NULL),
(12, 15, 200, NULL),
(12, 16, 200, NULL),
(12, 17, 200, NULL),
(12, 18, 200, NULL),
(12, 19, 200, NULL),
(12, 20, 200, NULL),
(13, 1, 200, NULL),
(13, 2, 200, NULL),
(13, 3, 200, NULL),
(13, 4, 200, NULL),
(13, 5, 200, NULL),
(13, 6, 100, NULL),
(13, 7, 100, NULL),
(13, 8, 100, NULL),
(13, 9, 100, NULL),
(13, 10, 100, NULL),
(13, 11, 90, NULL),
(13, 12, 90, NULL),
(13, 13, 90, NULL),
(13, 14, 90, NULL),
(13, 15, 90, NULL),
(13, 16, 90, NULL),
(13, 17, 90, NULL),
(13, 18, 90, NULL),
(13, 19, 90, NULL),
(13, 20, 90, NULL),
(14, 1, 250, NULL),
(14, 2, 250, NULL),
(14, 3, 250, NULL),
(14, 4, 250, NULL),
(14, 5, 250, NULL),
(14, 6, 200, NULL),
(14, 7, 200, NULL),
(14, 8, 200, NULL),
(14, 9, 200, NULL),
(14, 10, 200, NULL),
(14, 11, 150, NULL),
(14, 12, 150, NULL),
(14, 13, 150, NULL),
(14, 14, 150, NULL),
(14, 15, 150, NULL),
(14, 16, 150, NULL),
(14, 17, 150, NULL),
(14, 18, 150, NULL),
(14, 19, 150, NULL),
(14, 20, 150, NULL),
(15, 1, 400, 7),
(15, 2, 400, 7),
(15, 3, 400, NULL),
(15, 4, 400, NULL),
(15, 5, 400, NULL),
(15, 6, 250, NULL),
(15, 7, 250, 7),
(15, 8, 250, 8),
(15, 9, 250, NULL),
(15, 10, 250, NULL),
(15, 11, 200, NULL),
(15, 12, 200, NULL),
(15, 13, 200, 7),
(15, 14, 200, NULL),
(15, 15, 200, 7),
(15, 16, 200, NULL),
(15, 17, 200, NULL),
(15, 18, 200, NULL),
(15, 19, 200, NULL),
(15, 20, 200, NULL),
(16, 1, 200, NULL),
(16, 2, 200, NULL),
(16, 3, 200, NULL),
(16, 4, 200, NULL),
(16, 5, 200, NULL),
(16, 6, 100, NULL),
(16, 7, 100, NULL),
(16, 8, 100, NULL),
(16, 9, 100, NULL),
(16, 10, 100, NULL),
(16, 11, 70, NULL),
(16, 12, 70, NULL),
(16, 13, 70, NULL),
(16, 14, 70, NULL),
(16, 15, 70, NULL),
(16, 16, 70, NULL),
(16, 17, 70, NULL),
(16, 18, 70, NULL),
(16, 19, 70, NULL),
(16, 20, 70, NULL),
(17, 1, 250, NULL),
(17, 2, 250, NULL),
(17, 3, 250, NULL),
(17, 4, 250, NULL),
(17, 5, 250, NULL),
(17, 6, 200, NULL),
(17, 7, 200, NULL),
(17, 8, 200, NULL),
(17, 9, 200, NULL),
(17, 10, 200, NULL),
(17, 11, 150, NULL),
(17, 12, 150, NULL),
(17, 13, 150, NULL),
(17, 14, 150, NULL),
(17, 15, 150, NULL),
(17, 16, 150, NULL),
(17, 17, 150, NULL),
(17, 18, 150, NULL),
(17, 19, 150, NULL),
(17, 20, 150, NULL),
(18, 1, 400, NULL),
(18, 2, 400, NULL),
(18, 3, 400, NULL),
(18, 4, 400, NULL),
(18, 5, 400, NULL),
(18, 6, 250, NULL),
(18, 7, 250, NULL),
(18, 8, 250, NULL),
(18, 9, 250, NULL),
(18, 10, 250, NULL),
(18, 11, 200, NULL),
(18, 12, 200, NULL),
(18, 13, 200, NULL),
(18, 14, 200, NULL),
(18, 15, 200, NULL),
(18, 16, 200, NULL),
(18, 17, 200, NULL),
(18, 18, 200, NULL),
(18, 19, 200, NULL),
(18, 20, 200, NULL),
(19, 1, 200, NULL),
(19, 2, 200, NULL),
(19, 3, 200, NULL),
(19, 4, 200, NULL),
(19, 5, 200, NULL),
(19, 6, 150, NULL),
(19, 7, 150, NULL),
(19, 8, 150, NULL),
(19, 9, 150, NULL),
(19, 10, 150, NULL),
(19, 11, 100, NULL),
(19, 12, 100, NULL),
(19, 13, 100, NULL),
(19, 14, 100, NULL),
(19, 15, 100, NULL),
(19, 16, 100, NULL),
(19, 17, 100, NULL),
(19, 18, 100, NULL),
(19, 19, 100, NULL),
(19, 20, 100, NULL),
(20, 1, 250, NULL),
(20, 2, 250, NULL),
(20, 3, 250, NULL),
(20, 4, 250, NULL),
(20, 5, 250, NULL),
(20, 6, 200, NULL),
(20, 7, 200, NULL),
(20, 8, 200, NULL),
(20, 9, 200, NULL),
(20, 10, 200, NULL),
(20, 11, 150, NULL),
(20, 12, 150, NULL),
(20, 13, 150, NULL),
(20, 14, 150, NULL),
(20, 15, 150, NULL),
(20, 16, 150, NULL),
(20, 17, 150, NULL),
(20, 18, 150, NULL),
(20, 19, 150, NULL),
(20, 20, 150, NULL),
(21, 1, 400, NULL),
(21, 2, 400, NULL),
(21, 3, 400, NULL),
(21, 4, 400, NULL),
(21, 5, 400, NULL),
(21, 6, 250, NULL),
(21, 7, 250, NULL),
(21, 8, 250, NULL),
(21, 9, 250, NULL),
(21, 10, 250, NULL),
(21, 11, 200, NULL),
(21, 12, 200, NULL),
(21, 13, 200, NULL),
(21, 14, 200, NULL),
(21, 15, 200, NULL),
(21, 16, 200, NULL),
(21, 17, 200, NULL),
(21, 18, 200, NULL),
(21, 19, 200, NULL),
(21, 20, 200, NULL),
(22, 1, 200, NULL),
(22, 2, 200, NULL),
(22, 3, 200, NULL),
(22, 4, 200, NULL),
(22, 5, 200, NULL),
(22, 6, 100, NULL),
(22, 7, 100, NULL),
(22, 8, 100, NULL),
(22, 9, 100, NULL),
(22, 10, 100, NULL),
(22, 11, 90, NULL),
(22, 12, 90, NULL),
(22, 13, 90, NULL),
(22, 14, 90, NULL),
(22, 15, 90, NULL),
(22, 16, 90, NULL),
(22, 17, 90, NULL),
(22, 18, 90, NULL),
(22, 19, 90, NULL),
(22, 20, 90, NULL),
(23, 1, 250, NULL),
(23, 2, 250, NULL),
(23, 3, 250, NULL),
(23, 4, 250, NULL),
(23, 5, 250, NULL),
(23, 6, 200, NULL),
(23, 7, 200, NULL),
(23, 8, 200, NULL),
(23, 9, 200, NULL),
(23, 10, 200, NULL),
(23, 11, 150, NULL),
(23, 12, 150, NULL),
(23, 13, 150, NULL),
(23, 14, 150, NULL),
(23, 15, 150, NULL),
(23, 16, 150, NULL),
(23, 17, 150, NULL),
(23, 18, 150, NULL),
(23, 19, 150, NULL),
(23, 20, 150, NULL),
(24, 1, 400, NULL),
(24, 2, 400, NULL),
(24, 3, 400, NULL),
(24, 4, 400, NULL),
(24, 5, 400, NULL),
(24, 6, 250, NULL),
(24, 7, 250, NULL),
(24, 8, 250, NULL),
(24, 9, 250, NULL),
(24, 10, 250, NULL),
(24, 11, 200, NULL),
(24, 12, 200, NULL),
(24, 13, 200, NULL),
(24, 14, 200, NULL),
(24, 15, 200, NULL),
(24, 16, 200, NULL),
(24, 17, 200, NULL),
(24, 18, 200, NULL),
(24, 19, 200, NULL),
(24, 20, 200, NULL),
(25, 1, 200, NULL),
(25, 2, 200, NULL),
(25, 3, 200, NULL),
(25, 4, 200, NULL),
(25, 5, 200, NULL),
(25, 6, 100, NULL),
(25, 7, 100, NULL),
(25, 8, 100, NULL),
(25, 9, 100, NULL),
(25, 10, 100, NULL),
(25, 11, 70, NULL),
(25, 12, 70, NULL),
(25, 13, 70, NULL),
(25, 14, 70, NULL),
(25, 15, 70, NULL),
(25, 16, 70, NULL),
(25, 17, 70, NULL),
(25, 18, 70, NULL),
(25, 19, 70, NULL),
(25, 20, 70, NULL),
(26, 1, 250, NULL),
(26, 2, 250, NULL),
(26, 3, 250, NULL),
(26, 4, 250, NULL),
(26, 5, 250, NULL),
(26, 6, 200, NULL),
(26, 7, 200, NULL),
(26, 8, 200, NULL),
(26, 9, 200, NULL),
(26, 10, 200, NULL),
(26, 11, 150, NULL),
(26, 12, 150, NULL),
(26, 13, 150, NULL),
(26, 14, 150, NULL),
(26, 15, 150, NULL),
(26, 16, 150, NULL),
(26, 17, 150, NULL),
(26, 18, 150, NULL),
(26, 19, 150, NULL),
(26, 20, 150, NULL),
(27, 1, 400, NULL),
(27, 2, 400, NULL),
(27, 3, 400, NULL),
(27, 4, 400, NULL),
(27, 5, 400, NULL),
(27, 6, 250, NULL),
(27, 7, 250, NULL),
(27, 8, 250, NULL),
(27, 9, 250, NULL),
(27, 10, 250, NULL),
(27, 11, 200, NULL),
(27, 12, 200, NULL),
(27, 13, 200, NULL),
(27, 14, 200, NULL),
(27, 15, 200, NULL),
(27, 16, 200, NULL),
(27, 17, 200, NULL),
(27, 18, 200, NULL),
(27, 19, 200, NULL),
(27, 20, 200, NULL);

-- --------------------------------------------------------

--
-- Table structure for table `Shows`
--

CREATE TABLE `Shows` (
  `Sid` int(11) NOT NULL,
  `tid` int(11) NOT NULL,
  `mid` int(11) NOT NULL,
  `timing` varchar(20) COLLATE utf8_unicode_ci NOT NULL
) ENGINE=InnoDB DEFAULT CHARSET=utf8 COLLATE=utf8_unicode_ci;

--
-- Dumping data for table `Shows`
--

INSERT INTO `Shows` (`Sid`, `tid`, `mid`, `timing`) VALUES
(1, 1, 1, '9:30 AM'),
(2, 1, 1, '1:45 PM'),
(3, 1, 1, '8:00 PM'),
(4, 1, 2, '9:30 AM'),
(5, 1, 2, '1:45 PM'),
(6, 1, 2, '8:00 PM'),
(7, 1, 3, '9:30 AM'),
(8, 1, 3, '1:45 PM'),
(9, 1, 3, '8:00 PM'),
(10, 2, 1, '9:30 AM'),
(11, 2, 1, '1:45 PM'),
(12, 2, 1, '8:00 PM'),
(13, 2, 2, '9:30 AM'),
(14, 2, 2, '1:45 PM'),
(15, 2, 2, '8:00 PM'),
(16, 2, 3, '9:30 AM'),
(17, 2, 3, '1:45 PM'),
(18, 2, 3, '8:00 PM'),
(19, 3, 1, '9:30 AM'),
(20, 3, 1, '1:45 PM'),
(21, 3, 1, '8:00 PM'),
(22, 3, 2, '9:30 AM'),
(23, 3, 2, '1:45 PM'),
(24, 3, 2, '8:00 PM'),
(25, 3, 3, '9:30 AM'),
(26, 3, 3, '1:45 PM'),
(27, 3, 3, '8:00 PM');

-- --------------------------------------------------------

--
-- Table structure for table `theatre`
--

CREATE TABLE `theatre` (
  `tid` int(11) NOT NULL,
  `tname` varchar(50) COLLATE utf8_unicode_ci NOT NULL,
  `taddress` varchar(150) COLLATE utf8_unicode_ci NOT NULL
) ENGINE=InnoDB DEFAULT CHARSET=utf8 COLLATE=utf8_unicode_ci;

--
-- Dumping data for table `theatre`
--

INSERT INTO `theatre` (`tid`, `tname`, `taddress`) VALUES
(1, 'Fun Cinemas , Chembur', 'K-Star Mall ,4th Floor, V N Purav Road, Chembur'),
(2, 'INOX , Ghatkopar', 'R City Mall,Lal Bahadur Shastri Marg, Ghatkopar'),
(3, 'PVR ,Phoenix ,Lower Parel', 'Phoenix Mills, 462 Senapati Bapat Marg, Lower Parel');

-- --------------------------------------------------------

--
-- Table structure for table `user`
--

CREATE TABLE `user` (
  `uid` int(11) NOT NULL,
  `username` varchar(30) COLLATE utf8_unicode_ci NOT NULL,
  `email` varchar(30) COLLATE utf8_unicode_ci NOT NULL,
  `password` varchar(30) COLLATE utf8_unicode_ci NOT NULL
) ENGINE=InnoDB DEFAULT CHARSET=utf8 COLLATE=utf8_unicode_ci;

--
-- Dumping data for table `user`
--

INSERT INTO `user` (`uid`, `username`, `email`, `password`) VALUES
(1, 'Saurabh', 'saurabh.ughade@somaiya.edu', 'qwerty123'),
(3, 'Viraj', 'shah.vp@somaiya.edu', 'Chembur1997$'),
(6, 'DRISHTI', 'drishti.s@somaiya.edu', 'drishti123'),
(7, 'Riya', 'riavirajpatil4774@gmail.com', 'qwerty123'),
(8, 'zaid', 'zaidfarooqui1997@gmail.com', 'zaid1234Z'),
(9, 'jayh', 'jay.h@somaiya.edu', 'qwerty123'),
(10, 'jayh', 'jayharia13@gmail.com', 'jayharia123'),
(11, 'insha', 'inshashah2460@gmail.com', '1234insha');

--
-- Indexes for dumped tables
--

--
-- Indexes for table `movie`
--
ALTER TABLE `movie`
  ADD PRIMARY KEY (`mid`);

--
-- Indexes for table `seats`
--
ALTER TABLE `seats`
  ADD KEY `sid` (`sid`),
  ADD KEY `userid` (`userid`);

--
-- Indexes for table `Shows`
--
ALTER TABLE `Shows`
  ADD PRIMARY KEY (`Sid`),
  ADD KEY `tid` (`tid`,`mid`),
  ADD KEY `mid` (`mid`);

--
-- Indexes for table `theatre`
--
ALTER TABLE `theatre`
  ADD PRIMARY KEY (`tid`);

--
-- Indexes for table `user`
--
ALTER TABLE `user`
  ADD PRIMARY KEY (`uid`),
  ADD UNIQUE KEY `email` (`email`);

--
-- AUTO_INCREMENT for dumped tables
--

--
-- AUTO_INCREMENT for table `movie`
--
ALTER TABLE `movie`
  MODIFY `mid` int(11) NOT NULL AUTO_INCREMENT, AUTO_INCREMENT=4;
--
-- AUTO_INCREMENT for table `Shows`
--
ALTER TABLE `Shows`
  MODIFY `Sid` int(11) NOT NULL AUTO_INCREMENT, AUTO_INCREMENT=28;
--
-- AUTO_INCREMENT for table `theatre`
--
ALTER TABLE `theatre`
  MODIFY `tid` int(11) NOT NULL AUTO_INCREMENT, AUTO_INCREMENT=4;
--
-- AUTO_INCREMENT for table `user`
--
ALTER TABLE `user`
  MODIFY `uid` int(11) NOT NULL AUTO_INCREMENT, AUTO_INCREMENT=12;
--
-- Constraints for dumped tables
--

--
-- Constraints for table `seats`
--
ALTER TABLE `seats`
  ADD CONSTRAINT `seats_ibfk_1` FOREIGN KEY (`sid`) REFERENCES `Shows` (`Sid`),
  ADD CONSTRAINT `seats_ibfk_2` FOREIGN KEY (`userid`) REFERENCES `user` (`uid`);

--
-- Constraints for table `Shows`
--
ALTER TABLE `Shows`
  ADD CONSTRAINT `Shows_ibfk_1` FOREIGN KEY (`tid`) REFERENCES `theatre` (`tid`),
  ADD CONSTRAINT `Shows_ibfk_2` FOREIGN KEY (`mid`) REFERENCES `movie` (`mid`);

/*!40101 SET CHARACTER_SET_CLIENT=@OLD_CHARACTER_SET_CLIENT */;
/*!40101 SET CHARACTER_SET_RESULTS=@OLD_CHARACTER_SET_RESULTS */;
/*!40101 SET COLLATION_CONNECTION=@OLD_COLLATION_CONNECTION */;
